file,sample_id,key,value,value_type,numeric_value,category,possible_lat_range,possible_lon_range
/content/drive/MyDrive/vps_dataset_subset/Chuanmei_100_000004/GPS_info.json,Chuanmei_100_000004,UAV.E,120.33623455555555,float,120.33623455555555,other,False,True
/content/drive/MyDrive/vps_dataset_subset/Chuanmei_100_000004/GPS_info.json,Chuanmei_100_000004,UAV.N,30.324269555555556,float,30.324269555555556,other,True,True
/content/drive/MyDrive/vps_dataset_subset/Chuanmei_100_000004/GPS_info.json,Chuanmei_100_000004,Satellite.0.jpg.tl_E,120.33444479849757,float,120.33444479849757,other,False,True
/content/drive/MyDrive/vps_dataset_subset/Chuanmei_100_000004/GPS_info.json,Chuanmei_100_000004,Satellite.0.jpg.tl_N,30.32448718248934,float,30.32448718248934,other,True,True
/content/drive/MyDrive/vps_dataset_subset/Chuanmei_100_000004/GPS_info.json,Chuanmei_100_000004,Satellite.0.jpg.br_E,120.33632310425557,float,120.33632310425557,other,False,True
/content/drive/MyDrive/vps_dataset_subset/Chuanmei_100_000004/GPS_info.json,Chuanmei_100_000004,Satellite.0.jpg.br_N,30.322866556386703,float,30.322866556386703,other,True,True
/content/drive/MyDrive/vps_dataset_subset/Chuanmei_100_000004/GPS_info.json,Chuanmei_100_000004,Satellite.0.jpg.center_distribute_X,0.7314285714285714,float,0.7314285714285714,other,True,True
/content/drive/MyDrive/vps_dataset_subset/Chuanmei_100_000004/GPS_info.json,Chuanmei_100_000004,Satellite.0.jpg.center_distribute_Y,-0.9057142857142857,float,-0.9057142857142857,other,True,True
/content/drive/MyDrive/vps_dataset_subset/Chuanmei_100_000004/GPS_info.json,Chuanmei_100_000004,Satellite.0.jpg.map_size,700,int,700.0,other,False,False
/content/drive/MyDrive/vps_dataset_subset/Chuanmei_100_000004/GPS_info.json,Chuanmei_100_000004,Satellite.1.jpg.tl_E,120.33439649920665,float,120.33439649920665,other,False,True
/content/drive/MyDrive/vps_dataset_subset/Chuanmei_100_000004/GPS_info.json,Chuanmei_100_000004,Satellite.1.jpg.tl_N,30.325566056437665,float,30.325566056437665,other,True,True
/content/drive/MyDrive/vps_dataset_subset/Chuanmei_100_000004/GPS_info.json,Chuanmei_100_000004,Satellite.1.jpg.br_E,120.33654313435865,float,120.33654313435865,other,False,True
/content/drive/MyDrive/vps_dataset_subset/Chuanmei_100_000004/GPS_info.json,Chuanmei_100_000004,Satellite.1.jpg.br_N,30.32371391232037,float,30.32371391232037,other,True,True
/content/drive/MyDrive/vps_dataset_subset/Chuanmei_100_000004/GPS_info.json,Chuanmei_100_000004,Satellite.1.jpg.center_distribute_X,-0.4,float,-0.4,other,True,True
/content/drive/MyDrive/vps_dataset_subset/Chuanmei_100_000004/GPS_info.json,Chuanmei_100_000004,Satellite.1.jpg.center_distribute_Y,-0.7125,float,-0.7125,other,True,True
/content/drive/MyDrive/vps_dataset_subset/Chuanmei_100_000004/GPS_info.json,Chuanmei_100_000004,Satellite.1.jpg.map_size,800,int,800.0,other,False,False
/content/drive/MyDrive/vps_dataset_subset/Chuanmei_100_000004/GPS_info.json,Chuanmei_100_000004,Satellite.2.jpg.tl_E,120.33405840417021,float,120.33405840417021,other,False,True
/content/drive/MyDrive/vps_dataset_subset/Chuanmei_100_000004/GPS_info.json,Chuanmei_100_000004,Satellite.2.jpg.tl_N,30.325568371617813,float,30.325568371617813,other,True,True
/content/drive/MyDrive/vps_dataset_subset/Chuanmei_100_000004/GPS_info.json,Chuanmei_100_000004,Satellite.2.jpg.br_E,120.33647336871621,float,120.33647336871621,other,False,True
/content/drive/MyDrive/vps_dataset_subset/Chuanmei_100_000004/GPS_info.json,Chuanmei_100_000004,Satellite.2.jpg.br_N,30.32348470948585,float,30.32348470948585,other,True,True
/content/drive/MyDrive/vps_dataset_subset/Chuanmei_100_000004/GPS_info.json,Chuanmei_100_000004,Satellite.2.jpg.center_distribute_X,-0.24666666666666667,float,-0.24666666666666667,other,True,True
/content/drive/MyDrive/vps_dataset_subset/Chuanmei_100_000004/GPS_info.json,Chuanmei_100_000004,Satellite.2.jpg.center_distribute_Y,-0.8022222222222222,float,-0.8022222222222222,other,True,True
/content/drive/MyDrive/vps_dataset_subset/Chuanmei_100_000004/GPS_info.json,Chuanmei_100_000004,Satellite.2.jpg.map_size,900,int,900.0,other,False,False
/content/drive/MyDrive/vps_dataset_subset/Chuanmei_100_000004/GPS_info.json,Chuanmei_100_000004,Satellite.3.jpg.tl_E,120.33387325688834,float,120.33387325688834,other,False,True
/content/drive/MyDrive/vps_dataset_subset/Chuanmei_100_000004/GPS_info.json,Chuanmei_100_000004,Satellite.3.jpg.tl_N,30.325966582603034,float,30.325966582603034,other,True,True
/content/drive/MyDrive/vps_dataset_subset/Chuanmei_100_000004/GPS_info.json,Chuanmei_100_000004,Satellite.3.jpg.br_E,120.33655655082836,float,120.33655655082836,other,False,True
/content/drive/MyDrive/vps_dataset_subset/Chuanmei_100_000004/GPS_info.json,Chuanmei_100_000004,Satellite.3.jpg.br_N,30.32365140245641,float,30.32365140245641,other,True,True
/content/drive/MyDrive/vps_dataset_subset/Chuanmei_100_000004/GPS_info.json,Chuanmei_100_000004,Satellite.3.jpg.center_distribute_X,-0.466,float,-0.466,other,True,True
/content/drive/MyDrive/vps_dataset_subset/Chuanmei_100_000004/GPS_info.json,Chuanmei_100_000004,Satellite.3.jpg.center_distribute_Y,-0.76,float,-0.76,other,True,True
/content/drive/MyDrive/vps_dataset_subset/Chuanmei_100_000004/GPS_info.json,Chuanmei_100_000004,Satellite.3.jpg.map_size,1000,int,1000.0,other,False,False
/content/drive/MyDrive/vps_dataset_subset/Chuanmei_100_000004/GPS_info.json,Chuanmei_100_000004,Satellite.4.jpg.tl_E,120.33564154759482,float,120.33564154759482,other,False,True
/content/drive/MyDrive/vps_dataset_subset/Chuanmei_100_000004/GPS_info.json,Chuanmei_100_000004,Satellite.4.jpg.tl_N,30.325797574452327,float,30.325797574452327,other,True,True
/content/drive/MyDrive/vps_dataset_subset/Chuanmei_100_000004/GPS_info.json,Chuanmei_100_000004,Satellite.4.jpg.br_E,120.33859317092883,float,120.33859317092883,other,False,True
/content/drive/MyDrive/vps_dataset_subset/Chuanmei_100_000004/GPS_info.json,Chuanmei_100_000004,Satellite.4.jpg.br_N,30.32325087629104,float,30.32325087629104,other,True,True
/content/drive/MyDrive/vps_dataset_subset/Chuanmei_100_000004/GPS_info.json,Chuanmei_100_000004,Satellite.4.jpg.center_distribute_X,-0.2,float,-0.2,other,True,True
/content/drive/MyDrive/vps_dataset_subset/Chuanmei_100_000004/GPS_info.json,Chuanmei_100_000004,Satellite.4.jpg.center_distribute_Y,0.5981818181818181,float,0.5981818181818181,other,True,True
/content/drive/MyDrive/vps_dataset_subset/Chuanmei_100_000004/GPS_info.json,Chuanmei_100_000004,Satellite.4.jpg.map_size,1100,int,1100.0,other,False,False
/content/drive/MyDrive/vps_dataset_subset/Chuanmei_100_000004/GPS_info.json,Chuanmei_100_000004,Satellite.5.jpg.tl_E,120.33546176690083,float,120.33546176690083,other,False,True
/content/drive/MyDrive/vps_dataset_subset/Chuanmei_100_000004/GPS_info.json,Chuanmei_100_000004,Satellite.5.jpg.tl_N,30.325468818871506,float,30.325468818871506,other,True,True
/content/drive/MyDrive/vps_dataset_subset/Chuanmei_100_000004/GPS_info.json,Chuanmei_100_000004,Satellite.5.jpg.br_E,120.33868171962885,float,120.33868171962885,other,False,True
/content/drive/MyDrive/vps_dataset_subset/Chuanmei_100_000004/GPS_info.json,Chuanmei_100_000004,Satellite.5.jpg.br_N,30.32269060269556,float,30.32269060269556,other,True,True
/content/drive/MyDrive/vps_dataset_subset/Chuanmei_100_000004/GPS_info.json,Chuanmei_100_000004,Satellite.5.jpg.center_distribute_X,0.13666666666666666,float,0.13666666666666666,other,True,True
/content/drive/MyDrive/vps_dataset_subset/Chuanmei_100_000004/GPS_info.json,Chuanmei_100_000004,Satellite.5.jpg.center_distribute_Y,0.52,float,0.52,other,True,True
/content/drive/MyDrive/vps_dataset_subset/Chuanmei_100_000004/GPS_info.json,Chuanmei_100_000004,Satellite.5.jpg.map_size,1200,int,1200.0,other,False,False
/content/drive/MyDrive/vps_dataset_subset/Chuanmei_100_000004/GPS_info.json,Chuanmei_100_000004,Satellite.6.jpg.tl_E,120.3334144136246,float,120.3334144136246,other,False,True
/content/drive/MyDrive/vps_dataset_subset/Chuanmei_100_000004/GPS_info.json,Chuanmei_100_000004,Satellite.6.jpg.tl_N,30.325471134051654,float,30.325471134051654,other,True,True
/content/drive/MyDrive/vps_dataset_subset/Chuanmei_100_000004/GPS_info.json,Chuanmei_100_000004,Satellite.6.jpg.br_E,120.33690269574662,float,120.33690269574662,other,False,True
/content/drive/MyDrive/vps_dataset_subset/Chuanmei_100_000004/GPS_info.json,Chuanmei_100_000004,Satellite.6.jpg.br_N,30.322461399861044,float,30.322461399861044,other,True,True
/content/drive/MyDrive/vps_dataset_subset/Chuanmei_100_000004/GPS_info.json,Chuanmei_100_000004,Satellite.6.jpg.center_distribute_X,0.20153846153846153,float,0.20153846153846153,other,True,True
/content/drive/MyDrive/vps_dataset_subset/Chuanmei_100_000004/GPS_info.json,Chuanmei_100_000004,Satellite.6.jpg.center_distribute_Y,-0.6169230769230769,float,-0.6169230769230769,other,True,True
/content/drive/MyDrive/vps_dataset_subset/Chuanmei_100_000004/GPS_info.json,Chuanmei_100_000004,Satellite.6.jpg.map_size,1300,int,1300.0,other,False,False
/content/drive/MyDrive/vps_dataset_subset/Chuanmei_100_000004/GPS_info.json,Chuanmei_100_000004,Satellite.7.jpg.tl_E,120.3348499758825,float,120.3348499758825,other,False,True
/content/drive/MyDrive/vps_dataset_subset/Chuanmei_100_000004/GPS_info.json,Chuanmei_100_000004,Satellite.7.jpg.tl_N,30.325860084316286,float,30.325860084316286,other,True,True
/content/drive/MyDrive/vps_dataset_subset/Chuanmei_100_000004/GPS_info.json,Chuanmei_100_000004,Satellite.7.jpg.br_E,120.33860658739853,float,120.33860658739853,other,False,True
/content/drive/MyDrive/vps_dataset_subset/Chuanmei_100_000004/GPS_info.json,Chuanmei_100_000004,Satellite.7.jpg.br_N,30.322618832111015,float,30.322618832111015,other,True,True
/content/drive/MyDrive/vps_dataset_subset/Chuanmei_100_000004/GPS_info.json,Chuanmei_100_000004,Satellite.7.jpg.center_distribute_X,0.018571428571428572,float,0.018571428571428572,other,True,True
/content/drive/MyDrive/vps_dataset_subset/Chuanmei_100_000004/GPS_info.json,Chuanmei_100_000004,Satellite.7.jpg.center_distribute_Y,0.26285714285714284,float,0.26285714285714284,other,True,True
/content/drive/MyDrive/vps_dataset_subset/Chuanmei_100_000004/GPS_info.json,Chuanmei_100_000004,Satellite.7.jpg.map_size,1400,int,1400.0,other,False,False
/content/drive/MyDrive/vps_dataset_subset/Chuanmei_100_000004/GPS_info.json,Chuanmei_100_000004,Satellite.8.jpg.tl_E,120.33324536610638,float,120.33324536610638,other,False,True
/content/drive/MyDrive/vps_dataset_subset/Chuanmei_100_000004/GPS_info.json,Chuanmei_100_000004,Satellite.8.jpg.tl_N,30.325248876757577,float,30.325248876757577,other,True,True
/content/drive/MyDrive/vps_dataset_subset/Chuanmei_100_000004/GPS_info.json,Chuanmei_100_000004,Satellite.8.jpg.br_E,120.3372703070164,float,120.3372703070164,other,False,True
/content/drive/MyDrive/vps_dataset_subset/Chuanmei_100_000004/GPS_info.json,Chuanmei_100_000004,Satellite.8.jpg.br_N,30.321776106537644,float,30.321776106537644,other,True,True
/content/drive/MyDrive/vps_dataset_subset/Chuanmei_100_000004/GPS_info.json,Chuanmei_100_000004,Satellite.8.jpg.center_distribute_X,0.436,float,0.436,other,True,True
/content/drive/MyDrive/vps_dataset_subset/Chuanmei_100_000004/GPS_info.json,Chuanmei_100_000004,Satellite.8.jpg.center_distribute_Y,-0.48533333333333334,float,-0.48533333333333334,other,True,True
/content/drive/MyDrive/vps_dataset_subset/Chuanmei_100_000004/GPS_info.json,Chuanmei_100_000004,Satellite.8.jpg.map_size,1500,int,1500.0,other,False,False
/content/drive/MyDrive/vps_dataset_subset/Chuanmei_100_000004/GPS_info.json,Chuanmei_100_000004,Satellite.9.jpg.tl_E,120.33578644546758,float,120.33578644546758,other,False,True
/content/drive/MyDrive/vps_dataset_subset/Chuanmei_100_000004/GPS_info.json,Chuanmei_100_000004,Satellite.9.jpg.tl_N,30.327188997720448,float,30.327188997720448,other,True,True
/content/drive/MyDrive/vps_dataset_subset/Chuanmei_100_000004/GPS_info.json,Chuanmei_100_000004,Satellite.9.jpg.br_E,120.3400797157716,float,120.3400797157716,other,False,True
/content/drive/MyDrive/vps_dataset_subset/Chuanmei_100_000004/GPS_info.json,Chuanmei_100_000004,Satellite.9.jpg.br_N,30.32348470948585,float,30.32348470948585,other,True,True
/content/drive/MyDrive/vps_dataset_subset/Chuanmei_100_000004/GPS_info.json,Chuanmei_100_000004,Satellite.9.jpg.center_distribute_X,-0.57625,float,-0.57625,other,True,True
/content/drive/MyDrive/vps_dataset_subset/Chuanmei_100_000004/GPS_info.json,Chuanmei_100_000004,Satellite.9.jpg.center_distribute_Y,0.79125,float,0.79125,other,True,True
/content/drive/MyDrive/vps_dataset_subset/Chuanmei_100_000004/GPS_info.json,Chuanmei_100_000004,Satellite.9.jpg.map_size,1600,int,1600.0,other,False,False
/content/drive/MyDrive/vps_dataset_subset/Chuanmei_100_000004/GPS_info.json,Chuanmei_100_000004,Satellite.10.jpg.tl_E,120.3358884106373,float,120.3358884106373,other,False,True
/content/drive/MyDrive/vps_dataset_subset/Chuanmei_100_000004/GPS_info.json,Chuanmei_100_000004,Satellite.10.jpg.tl_N,30.326568529441154,float,30.326568529441154,other,True,True
/content/drive/MyDrive/vps_dataset_subset/Chuanmei_100_000004/GPS_info.json,Chuanmei_100_000004,Satellite.10.jpg.br_E,120.34045001033532,float,120.34045001033532,other,False,True
/content/drive/MyDrive/vps_dataset_subset/Chuanmei_100_000004/GPS_info.json,Chuanmei_100_000004,Satellite.10.jpg.br_N,30.322632723191894,float,30.322632723191894,other,True,True
/content/drive/MyDrive/vps_dataset_subset/Chuanmei_100_000004/GPS_info.json,Chuanmei_100_000004,Satellite.10.jpg.center_distribute_X,-0.16823529411764707,float,-0.16823529411764707,other,True,True
/content/drive/MyDrive/vps_dataset_subset/Chuanmei_100_000004/GPS_info.json,Chuanmei_100_000004,Satellite.10.jpg.center_distribute_Y,0.8482352941176471,float,0.8482352941176471,other,True,True
/content/drive/MyDrive/vps_dataset_subset/Chuanmei_100_000004/GPS_info.json,Chuanmei_100_000004,Satellite.10.jpg.map_size,1700,int,1700.0,other,False,False
/content/drive/MyDrive/vps_dataset_subset/Chuanmei_100_000004/GPS_info.json,Chuanmei_100_000004,Satellite.11.jpg.tl_E,120.33585084452213,float,120.33585084452213,other,False,True
/content/drive/MyDrive/vps_dataset_subset/Chuanmei_100_000004/GPS_info.json,Chuanmei_100_000004,Satellite.11.jpg.tl_N,30.326876448400654,float,30.326876448400654,other,True,True
/content/drive/MyDrive/vps_dataset_subset/Chuanmei_100_000004/GPS_info.json,Chuanmei_100_000004,Satellite.11.jpg.br_E,120.34068077361415,float,120.34068077361415,other,False,True
/content/drive/MyDrive/vps_dataset_subset/Chuanmei_100_000004/GPS_info.json,Chuanmei_100_000004,Satellite.11.jpg.br_N,30.322709124136733,float,30.322709124136733,other,True,True
/content/drive/MyDrive/vps_dataset_subset/Chuanmei_100_000004/GPS_info.json,Chuanmei_100_000004,Satellite.11.jpg.center_distribute_X,-0.2511111111111111,float,-0.2511111111111111,other,True,True
/content/drive/MyDrive/vps_dataset_subset/Chuanmei_100_000004/GPS_info.json,Chuanmei_100_000004,Satellite.11.jpg.center_distribute_Y,0.8411111111111111,float,0.8411111111111111,other,True,True
/content/drive/MyDrive/vps_dataset_subset/Chuanmei_100_000004/GPS_info.json,Chuanmei_100_000004,Satellite.11.jpg.map_size,1800,int,1800.0,other,False,False
/content/drive/MyDrive/vps_dataset_subset/Chuanmei_100_000008/GPS_info.json,Chuanmei_100_000008,UAV.E,120.33706708333334,float,120.33706708333334,other,False,True
/content/drive/MyDrive/vps_dataset_subset/Chuanmei_100_000008/GPS_info.json,Chuanmei_100_000008,UAV.N,30.32426775,float,30.32426775,other,True,True
/content/drive/MyDrive/vps_dataset_subset/Chuanmei_100_000008/GPS_info.json,Chuanmei_100_000008,Satellite.0.jpg.tl_E,120.33527732627536,float,120.33527732627536,other,False,True
/content/drive/MyDrive/vps_dataset_subset/Chuanmei_100_000008/GPS_info.json,Chuanmei_100_000008,Satellite.0.jpg.tl_N,30.324485376933783,float,30.324485376933783,other,True,True
/content/drive/MyDrive/vps_dataset_subset/Chuanmei_100_000008/GPS_info.json,Chuanmei_100_000008,Satellite.0.jpg.br_E,120.33715563203336,float,120.33715563203336,other,False,True
/content/drive/MyDrive/vps_dataset_subset/Chuanmei_100_000008/GPS_info.json,Chuanmei_100_000008,Satellite.0.jpg.br_N,30.322864750831148,float,30.322864750831148,other,True,True
/content/drive/MyDrive/vps_dataset_subset/Chuanmei_100_000008/GPS_info.json,Chuanmei_100_000008,Satellite.0.jpg.center_distribute_X,0.7314285714285714,float,0.7314285714285714,other,True,True
/content/drive/MyDrive/vps_dataset_subset/Chuanmei_100_000008/GPS_info.json,Chuanmei_100_000008,Satellite.0.jpg.center_distribute_Y,-0.9057142857142857,float,-0.9057142857142857,other,True,True
/content/drive/MyDrive/vps_dataset_subset/Chuanmei_100_000008/GPS_info.json,Chuanmei_100_000008,Satellite.0.jpg.map_size,700,int,700.0,other,False,False
/content/drive/MyDrive/vps_dataset_subset/Chuanmei_100_000008/GPS_info.json,Chuanmei_100_000008,Satellite.1.jpg.tl_E,120.33522902698444,float,120.33522902698444,other,False,True
/content/drive/MyDrive/vps_dataset_subset/Chuanmei_100_000008/GPS_info.json,Chuanmei_100_000008,Satellite.1.jpg.tl_N,30.32556425088211,float,30.32556425088211,other,True,True
/content/drive/MyDrive/vps_dataset_subset/Chuanmei_100_000008/GPS_info.json,Chuanmei_100_000008,Satellite.1.jpg.br_E,120.33737566213644,float,120.33737566213644,other,False,True
/content/drive/MyDrive/vps_dataset_subset/Chuanmei_100_000008/GPS_info.json,Chuanmei_100_000008,Satellite.1.jpg.br_N,30.323712106764813,float,30.323712106764813,other,True,True
/content/drive/MyDrive/vps_dataset_subset/Chuanmei_100_000008/GPS_info.json,Chuanmei_100_000008,Satellite.1.jpg.center_distribute_X,-0.4,float,-0.4,other,True,True
/content/drive/MyDrive/vps_dataset_subset/Chuanmei_100_000008/GPS_info.json,Chuanmei_100_000008,Satellite.1.jpg.center_distribute_Y,-0.7125,float,-0.7125,other,True,True
/content/drive/MyDrive/vps_dataset_subset/Chuanmei_100_000008/GPS_info.json,Chuanmei_100_000008,Satellite.1.jpg.map_size,800,int,800.0,other,False,False
/content/drive/MyDrive/vps_dataset_subset/Chuanmei_100_000008/GPS_info.json,Chuanmei_100_000008,Satellite.2.jpg.tl_E,120.334890931948,float,120.334890931948,other,False,True
/content/drive/MyDrive/vps_dataset_subset/Chuanmei_100_000008/GPS_info.json,Chuanmei_100_000008,Satellite.2.jpg.tl_N,30.325566566062257,float,30.325566566062257,other,True,True
/content/drive/MyDrive/vps_dataset_subset/Chuanmei_100_000008/GPS_info.json,Chuanmei_100_000008,Satellite.2.jpg.br_E,120.337305896494,float,120.337305896494,other,False,True
/content/drive/MyDrive/vps_dataset_subset/Chuanmei_100_000008/GPS_info.json,Chuanmei_100_000008,Satellite.2.jpg.br_N,30.323482903930294,float,30.323482903930294,other,True,True
/content/drive/MyDrive/vps_dataset_subset/Chuanmei_100_000008/GPS_info.json,Chuanmei_100_000008,Satellite.2.jpg.center_distribute_X,-0.24666666666666667,float,-0.24666666666666667,other,True,True
/content/drive/MyDrive/vps_dataset_subset/Chuanmei_100_000008/GPS_info.json,Chuanmei_100_000008,Satellite.2.jpg.center_distribute_Y,-0.8022222222222222,float,-0.8022222222222222,other,True,True
/content/drive/MyDrive/vps_dataset_subset/Chuanmei_100_000008/GPS_info.json,Chuanmei_100_000008,Satellite.2.jpg.map_size,900,int,900.0,other,False,False
/content/drive/MyDrive/vps_dataset_subset/Chuanmei_100_000008/GPS_info.json,Chuanmei_100_000008,Satellite.3.jpg.tl_E,120.33470578466613,float,120.33470578466613,other,False,True
/content/drive/MyDrive/vps_dataset_subset/Chuanmei_100_000008/GPS_info.json,Chuanmei_100_000008,Satellite.3.jpg.tl_N,30.325964777047478,float,30.325964777047478,other,True,True
/content/drive/MyDrive/vps_dataset_subset/Chuanmei_100_000008/GPS_info.json,Chuanmei_100_000008,Satellite.3.jpg.br_E,120.33738907860615,float,120.33738907860615,other,False,True
/content/drive/MyDrive/vps_dataset_subset/Chuanmei_100_000008/GPS_info.json,Chuanmei_100_000008,Satellite.3.jpg.br_N,30.323649596900854,float,30.323649596900854,other,True,True
/content/drive/MyDrive/vps_dataset_subset/Chuanmei_100_000008/GPS_info.json,Chuanmei_100_000008,Satellite.3.jpg.center_distribute_X,-0.466,float,-0.466,other,True,True
/content/drive/MyDrive/vps_dataset_subset/Chuanmei_100_000008/GPS_info.json,Chuanmei_100_000008,Satellite.3.jpg.center_distribute_Y,-0.76,float,-0.76,other,True,True
/content/drive/MyDrive/vps_dataset_subset/Chuanmei_100_000008/GPS_info.json,Chuanmei_100_000008,Satellite.3.jpg.map_size,1000,int,1000.0,other,False,False
/content/drive/MyDrive/vps_dataset_subset/Chuanmei_100_000008/GPS_info.json,Chuanmei_100_000008,Satellite.4.jpg.tl_E,120.3364740753726,float,120.3364740753726,other,False,True
/content/drive/MyDrive/vps_dataset_subset/Chuanmei_100_000008/GPS_info.json,Chuanmei_100_000008,Satellite.4.jpg.tl_N,30.32579576889677,float,30.32579576889677,other,True,True
/content/drive/MyDrive/vps_dataset_subset/Chuanmei_100_000008/GPS_info.json,Chuanmei_100_000008,Satellite.4.jpg.br_E,120.33942569870662,float,120.33942569870662,other,False,True
/content/drive/MyDrive/vps_dataset_subset/Chuanmei_100_000008/GPS_info.json,Chuanmei_100_000008,Satellite.4.jpg.br_N,30.323249070735486,float,30.323249070735486,other,True,True
/content/drive/MyDrive/vps_dataset_subset/Chuanmei_100_000008/GPS_info.json,Chuanmei_100_000008,Satellite.4.jpg.center_distribute_X,-0.2,float,-0.2,other,True,True
/content/drive/MyDrive/vps_dataset_subset/Chuanmei_100_000008/GPS_info.json,Chuanmei_100_000008,Satellite.4.jpg.center_distribute_Y,0.5981818181818181,float,0.5981818181818181,other,True,True
/content/drive/MyDrive/vps_dataset_subset/Chuanmei_100_000008/GPS_info.json,Chuanmei_100_000008,Satellite.4.jpg.map_size,1100,int,1100.0,other,False,False
/content/drive/MyDrive/vps_dataset_subset/Chuanmei_100_000008/GPS_info.json,Chuanmei_100_000008,Satellite.5.jpg.tl_E,120.33629429467862,float,120.33629429467862,other,False,True
/content/drive/MyDrive/vps_dataset_subset/Chuanmei_100_000008/GPS_info.json,Chuanmei_100_000008,Satellite.5.jpg.tl_N,30.32546701331595,float,30.32546701331595,other,True,True
/content/drive/MyDrive/vps_dataset_subset/Chuanmei_100_000008/GPS_info.json,Chuanmei_100_000008,Satellite.5.jpg.br_E,120.33951424740664,float,120.33951424740664,other,False,True
/content/drive/MyDrive/vps_dataset_subset/Chuanmei_100_000008/GPS_info.json,Chuanmei_100_000008,Satellite.5.jpg.br_N,30.322688797140003,float,30.322688797140003,other,True,True
/content/drive/MyDrive/vps_dataset_subset/Chuanmei_100_000008/GPS_info.json,Chuanmei_100_000008,Satellite.5.jpg.center_distribute_X,0.13666666666666666,float,0.13666666666666666,other,True,True
/content/drive/MyDrive/vps_dataset_subset/Chuanmei_100_000008/GPS_info.json,Chuanmei_100_000008,Satellite.5.jpg.center_distribute_Y,0.52,float,0.52,other,True,True
/content/drive/MyDrive/vps_dataset_subset/Chuanmei_100_000008/GPS_info.json,Chuanmei_100_000008,Satellite.5.jpg.map_size,1200,int,1200.0,other,False,False
/content/drive/MyDrive/vps_dataset_subset/Chuanmei_100_000008/GPS_info.json,Chuanmei_100_000008,Satellite.6.jpg.tl_E,120.33424694140238,float,120.33424694140238,other,False,True
/content/drive/MyDrive/vps_dataset_subset/Chuanmei_100_000008/GPS_info.json,Chuanmei_100_000008,Satellite.6.jpg.tl_N,30.325469328496098,float,30.325469328496098,other,True,True
/content/drive/MyDrive/vps_dataset_subset/Chuanmei_100_000008/GPS_info.json,Chuanmei_100_000008,Satellite.6.jpg.br_E,120.3377352235244,float,120.3377352235244,other,False,True
/content/drive/MyDrive/vps_dataset_subset/Chuanmei_100_000008/GPS_info.json,Chuanmei_100_000008,Satellite.6.jpg.br_N,30.32245959430549,float,30.32245959430549,other,True,True
/content/drive/MyDrive/vps_dataset_subset/Chuanmei_100_000008/GPS_info.json,Chuanmei_100_000008,Satellite.6.jpg.center_distribute_X,0.20153846153846153,float,0.20153846153846153,other,True,True
/content/drive/MyDrive/vps_dataset_subset/Chuanmei_100_000008/GPS_info.json,Chuanmei_100_000008,Satellite.6.jpg.center_distribute_Y,-0.6169230769230769,float,-0.6169230769230769,other,True,True
/content/drive/MyDrive/vps_dataset_subset/Chuanmei_100_000008/GPS_info.json,Chuanmei_100_000008,Satellite.6.jpg.map_size,1300,int,1300.0,other,False,False
/content/drive/MyDrive/vps_dataset_subset/Chuanmei_100_000008/GPS_info.json,Chuanmei_100_000008,Satellite.7.jpg.tl_E,120.3356825036603,float,120.3356825036603,other,False,True
/content/drive/MyDrive/vps_dataset_subset/Chuanmei_100_000008/GPS_info.json,Chuanmei_100_000008,Satellite.7.jpg.tl_N,30.32585827876073,float,30.32585827876073,other,True,True
/content/drive/MyDrive/vps_dataset_subset/Chuanmei_100_000008/GPS_info.json,Chuanmei_100_000008,Satellite.7.jpg.br_E,120.33943911517632,float,120.33943911517632,other,False,True
/content/drive/MyDrive/vps_dataset_subset/Chuanmei_100_000008/GPS_info.json,Chuanmei_100_000008,Satellite.7.jpg.br_N,30.32261702655546,float,30.32261702655546,other,True,True
/content/drive/MyDrive/vps_dataset_subset/Chuanmei_100_000008/GPS_info.json,Chuanmei_100_000008,Satellite.7.jpg.center_distribute_X,0.018571428571428572,float,0.018571428571428572,other,True,True
/content/drive/MyDrive/vps_dataset_subset/Chuanmei_100_000008/GPS_info.json,Chuanmei_100_000008,Satellite.7.jpg.center_distribute_Y,0.26285714285714284,float,0.26285714285714284,other,True,True
/content/drive/MyDrive/vps_dataset_subset/Chuanmei_100_000008/GPS_info.json,Chuanmei_100_000008,Satellite.7.jpg.map_size,1400,int,1400.0,other,False,False
/content/drive/MyDrive/vps_dataset_subset/Chuanmei_100_000008/GPS_info.json,Chuanmei_100_000008,Satellite.8.jpg.tl_E,120.33407789388417,float,120.33407789388417,other,False,True
/content/drive/MyDrive/vps_dataset_subset/Chuanmei_100_000008/GPS_info.json,Chuanmei_100_000008,Satellite.8.jpg.tl_N,30.32524707120202,float,30.32524707120202,other,True,True
/content/drive/MyDrive/vps_dataset_subset/Chuanmei_100_000008/GPS_info.json,Chuanmei_100_000008,Satellite.8.jpg.br_E,120.33810283479419,float,120.33810283479419,other,False,True
/content/drive/MyDrive/vps_dataset_subset/Chuanmei_100_000008/GPS_info.json,Chuanmei_100_000008,Satellite.8.jpg.br_N,30.32177430098209,float,30.32177430098209,other,True,True
/content/drive/MyDrive/vps_dataset_subset/Chuanmei_100_000008/GPS_info.json,Chuanmei_100_000008,Satellite.8.jpg.center_distribute_X,0.436,float,0.436,other,True,True
/content/drive/MyDrive/vps_dataset_subset/Chuanmei_100_000008/GPS_info.json,Chuanmei_100_000008,Satellite.8.jpg.center_distribute_Y,-0.48533333333333334,float,-0.48533333333333334,other,True,True
/content/drive/MyDrive/vps_dataset_subset/Chuanmei_100_000008/GPS_info.json,Chuanmei_100_000008,Satellite.8.jpg.map_size,1500,int,1500.0,other,False,False
/content/drive/MyDrive/vps_dataset_subset/Chuanmei_100_000008/GPS_info.json,Chuanmei_100_000008,Satellite.9.jpg.tl_E,120.33661897324536,float,120.33661897324536,other,False,True
/content/drive/MyDrive/vps_dataset_subset/Chuanmei_100_000008/GPS_info.json,Chuanmei_100_000008,Satellite.9.jpg.tl_N,30.327187192164892,float,30.327187192164892,other,True,True
/content/drive/MyDrive/vps_dataset_subset/Chuanmei_100_000008/GPS_info.json,Chuanmei_100_000008,Satellite.9.jpg.br_E,120.34091224354938,float,120.34091224354938,other,False,True
/content/drive/MyDrive/vps_dataset_subset/Chuanmei_100_000008/GPS_info.json,Chuanmei_100_000008,Satellite.9.jpg.br_N,30.323482903930294,float,30.323482903930294,other,True,True
/content/drive/MyDrive/vps_dataset_subset/Chuanmei_100_000008/GPS_info.json,Chuanmei_100_000008,Satellite.9.jpg.center_distribute_X,-0.57625,float,-0.57625,other,True,True
/content/drive/MyDrive/vps_dataset_subset/Chuanmei_100_000008/GPS_info.json,Chuanmei_100_000008,Satellite.9.jpg.center_distribute_Y,0.79125,float,0.79125,other,True,True
/content/drive/MyDrive/vps_dataset_subset/Chuanmei_100_000008/GPS_info.json,Chuanmei_100_000008,Satellite.9.jpg.map_size,1600,int,1600.0,other,False,False
/content/drive/MyDrive/vps_dataset_subset/Chuanmei_100_000008/GPS_info.json,Chuanmei_100_000008,Satellite.10.jpg.tl_E,120.33672093841508,float,120.33672093841508,other,False,True
/content/drive/MyDrive/vps_dataset_subset/Chuanmei_100_000008/GPS_info.json,Chuanmei_100_000008,Satellite.10.jpg.tl_N,30.3265667238856,float,30.3265667238856,other,True,True
/content/drive/MyDrive/vps_dataset_subset/Chuanmei_100_000008/GPS_info.json,Chuanmei_100_000008,Satellite.10.jpg.br_E,120.3412825381131,float,120.3412825381131,other,False,True
/content/drive/MyDrive/vps_dataset_subset/Chuanmei_100_000008/GPS_info.json,Chuanmei_100_000008,Satellite.10.jpg.br_N,30.32263091763634,float,30.32263091763634,other,True,True
/content/drive/MyDrive/vps_dataset_subset/Chuanmei_100_000008/GPS_info.json,Chuanmei_100_000008,Satellite.10.jpg.center_distribute_X,-0.16823529411764707,float,-0.16823529411764707,other,True,True
/content/drive/MyDrive/vps_dataset_subset/Chuanmei_100_000008/GPS_info.json,Chuanmei_100_000008,Satellite.10.jpg.center_distribute_Y,0.8482352941176471,float,0.8482352941176471,other,True,True
/content/drive/MyDrive/vps_dataset_subset/Chuanmei_100_000008/GPS_info.json,Chuanmei_100_000008,Satellite.10.jpg.map_size,1700,int,1700.0,other,False,False
/content/drive/MyDrive/vps_dataset_subset/Chuanmei_100_000008/GPS_info.json,Chuanmei_100_000008,Satellite.11.jpg.tl_E,120.33668337229992,float,120.33668337229992,other,False,True
/content/drive/MyDrive/vps_dataset_subset/Chuanmei_100_000008/GPS_info.json,Chuanmei_100_000008,Satellite.11.jpg.tl_N,30.326874642845098,float,30.326874642845098,other,True,True
/content/drive/MyDrive/vps_dataset_subset/Chuanmei_100_000008/GPS_info.json,Chuanmei_100_000008,Satellite.11.jpg.br_E,120.34151330139194,float,120.34151330139194,other,False,True
/content/drive/MyDrive/vps_dataset_subset/Chuanmei_100_000008/GPS_info.json,Chuanmei_100_000008,Satellite.11.jpg.br_N,30.322707318581177,float,30.322707318581177,other,True,True
/content/drive/MyDrive/vps_dataset_subset/Chuanmei_100_000008/GPS_info.json,Chuanmei_100_000008,Satellite.11.jpg.center_distribute_X,-0.2511111111111111,float,-0.2511111111111111,other,True,True
/content/drive/MyDrive/vps_dataset_subset/Chuanmei_100_000008/GPS_info.json,Chuanmei_100_000008,Satellite.11.jpg.center_distribute_Y,0.8411111111111111,float,0.8411111111111111,other,True,True
/content/drive/MyDrive/vps_dataset_subset/Chuanmei_100_000008/GPS_info.json,Chuanmei_100_000008,Satellite.11.jpg.map_size,1800,int,1800.0,other,False,False
/content/drive/MyDrive/vps_dataset_subset/Chuanmei_100_000016/GPS_info.json,Chuanmei_100_000016,UAV.E,120.33872738888888,float,120.33872738888888,other,False,True
/content/drive/MyDrive/vps_dataset_subset/Chuanmei_100_000016/GPS_info.json,Chuanmei_100_000016,UAV.N,30.324262666666666,float,30.324262666666666,other,True,True
/content/drive/MyDrive/vps_dataset_subset/Chuanmei_100_000016/GPS_info.json,Chuanmei_100_000016,Satellite.0.jpg.tl_E,120.3369376318309,float,120.3369376318309,other,False,True
/content/drive/MyDrive/vps_dataset_subset/Chuanmei_100_000016/GPS_info.json,Chuanmei_100_000016,Satellite.0.jpg.tl_N,30.32448029360045,float,30.32448029360045,other,True,True
/content/drive/MyDrive/vps_dataset_subset/Chuanmei_100_000016/GPS_info.json,Chuanmei_100_000016,Satellite.0.jpg.br_E,120.3388159375889,float,120.3388159375889,other,False,True
/content/drive/MyDrive/vps_dataset_subset/Chuanmei_100_000016/GPS_info.json,Chuanmei_100_000016,Satellite.0.jpg.br_N,30.322859667497813,float,30.322859667497813,other,True,True
/content/drive/MyDrive/vps_dataset_subset/Chuanmei_100_000016/GPS_info.json,Chuanmei_100_000016,Satellite.0.jpg.center_distribute_X,0.7314285714285714,float,0.7314285714285714,other,True,True
/content/drive/MyDrive/vps_dataset_subset/Chuanmei_100_000016/GPS_info.json,Chuanmei_100_000016,Satellite.0.jpg.center_distribute_Y,-0.9057142857142857,float,-0.9057142857142857,other,True,True
/content/drive/MyDrive/vps_dataset_subset/Chuanmei_100_000016/GPS_info.json,Chuanmei_100_000016,Satellite.0.jpg.map_size,700,int,700.0,other,False,False
/content/drive/MyDrive/vps_dataset_subset/Chuanmei_100_000016/GPS_info.json,Chuanmei_100_000016,Satellite.1.jpg.tl_E,120.33688933253998,float,120.33688933253998,other,False,True
/content/drive/MyDrive/vps_dataset_subset/Chuanmei_100_000016/GPS_info.json,Chuanmei_100_000016,Satellite.1.jpg.tl_N,30.325559167548775,float,30.325559167548775,other,True,True
/content/drive/MyDrive/vps_dataset_subset/Chuanmei_100_000016/GPS_info.json,Chuanmei_100_000016,Satellite.1.jpg.br_E,120.33903596769198,float,120.33903596769198,other,False,True
/content/drive/MyDrive/vps_dataset_subset/Chuanmei_100_000016/GPS_info.json,Chuanmei_100_000016,Satellite.1.jpg.br_N,30.323707023431478,float,30.323707023431478,other,True,True
/content/drive/MyDrive/vps_dataset_subset/Chuanmei_100_000016/GPS_info.json,Chuanmei_100_000016,Satellite.1.jpg.center_distribute_X,-0.4,float,-0.4,other,True,True
/content/drive/MyDrive/vps_dataset_subset/Chuanmei_100_000016/GPS_info.json,Chuanmei_100_000016,Satellite.1.jpg.center_distribute_Y,-0.7125,float,-0.7125,other,True,True
/content/drive/MyDrive/vps_dataset_subset/Chuanmei_100_000016/GPS_info.json,Chuanmei_100_000016,Satellite.1.jpg.map_size,800,int,800.0,other,False,False
/content/drive/MyDrive/vps_dataset_subset/Chuanmei_100_000016/GPS_info.json,Chuanmei_100_000016,Satellite.2.jpg.tl_E,120.33655123750354,float,120.33655123750354,other,False,True
/content/drive/MyDrive/vps_dataset_subset/Chuanmei_100_000016/GPS_info.json,Chuanmei_100_000016,Satellite.2.jpg.tl_N,30.325561482728922,float,30.325561482728922,other,True,True
/content/drive/MyDrive/vps_dataset_subset/Chuanmei_100_000016/GPS_info.json,Chuanmei_100_000016,Satellite.2.jpg.br_E,120.33896620204955,float,120.33896620204955,other,False,True
/content/drive/MyDrive/vps_dataset_subset/Chuanmei_100_000016/GPS_info.json,Chuanmei_100_000016,Satellite.2.jpg.br_N,30.32347782059696,float,30.32347782059696,other,True,True
/content/drive/MyDrive/vps_dataset_subset/Chuanmei_100_000016/GPS_info.json,Chuanmei_100_000016,Satellite.2.jpg.center_distribute_X,-0.24666666666666667,float,-0.24666666666666667,other,True,True
/content/drive/MyDrive/vps_dataset_subset/Chuanmei_100_000016/GPS_info.json,Chuanmei_100_000016,Satellite.2.jpg.center_distribute_Y,-0.8022222222222222,float,-0.8022222222222222,other,True,True
/content/drive/MyDrive/vps_dataset_subset/Chuanmei_100_000016/GPS_info.json,Chuanmei_100_000016,Satellite.2.jpg.map_size,900,int,900.0,other,False,False
/content/drive/MyDrive/vps_dataset_subset/Chuanmei_100_000016/GPS_info.json,Chuanmei_100_000016,Satellite.3.jpg.tl_E,120.33636609022167,float,120.33636609022167,other,False,True
/content/drive/MyDrive/vps_dataset_subset/Chuanmei_100_000016/GPS_info.json,Chuanmei_100_000016,Satellite.3.jpg.tl_N,30.325959693714143,float,30.325959693714143,other,True,True
/content/drive/MyDrive/vps_dataset_subset/Chuanmei_100_000016/GPS_info.json,Chuanmei_100_000016,Satellite.3.jpg.br_E,120.3390493841617,float,120.3390493841617,other,False,True
/content/drive/MyDrive/vps_dataset_subset/Chuanmei_100_000016/GPS_info.json,Chuanmei_100_000016,Satellite.3.jpg.br_N,30.32364451356752,float,30.32364451356752,other,True,True
/content/drive/MyDrive/vps_dataset_subset/Chuanmei_100_000016/GPS_info.json,Chuanmei_100_000016,Satellite.3.jpg.center_distribute_X,-0.466,float,-0.466,other,True,True
/content/drive/MyDrive/vps_dataset_subset/Chuanmei_100_000016/GPS_info.json,Chuanmei_100_000016,Satellite.3.jpg.center_distribute_Y,-0.76,float,-0.76,other,True,True
/content/drive/MyDrive/vps_dataset_subset/Chuanmei_100_000016/GPS_info.json,Chuanmei_100_000016,Satellite.3.jpg.map_size,1000,int,1000.0,other,False,False
/content/drive/MyDrive/vps_dataset_subset/Chuanmei_100_000016/GPS_info.json,Chuanmei_100_000016,Satellite.4.jpg.tl_E,120.33813438092815,float,120.33813438092815,other,False,True
/content/drive/MyDrive/vps_dataset_subset/Chuanmei_100_000016/GPS_info.json,Chuanmei_100_000016,Satellite.4.jpg.tl_N,30.325790685563437,float,30.325790685563437,other,True,True
/content/drive/MyDrive/vps_dataset_subset/Chuanmei_100_000016/GPS_info.json,Chuanmei_100_000016,Satellite.4.jpg.br_E,120.34108600426217,float,120.34108600426217,other,False,True
/content/drive/MyDrive/vps_dataset_subset/Chuanmei_100_000016/GPS_info.json,Chuanmei_100_000016,Satellite.4.jpg.br_N,30.32324398740215,float,30.32324398740215,other,True,True
/content/drive/MyDrive/vps_dataset_subset/Chuanmei_100_000016/GPS_info.json,Chuanmei_100_000016,Satellite.4.jpg.center_distribute_X,-0.2,float,-0.2,other,True,True
/content/drive/MyDrive/vps_dataset_subset/Chuanmei_100_000016/GPS_info.json,Chuanmei_100_000016,Satellite.4.jpg.center_distribute_Y,0.5981818181818181,float,0.5981818181818181,other,True,True
/content/drive/MyDrive/vps_dataset_subset/Chuanmei_100_000016/GPS_info.json,Chuanmei_100_000016,Satellite.4.jpg.map_size,1100,int,1100.0,other,False,False
/content/drive/MyDrive/vps_dataset_subset/Chuanmei_100_000016/GPS_info.json,Chuanmei_100_000016,Satellite.5.jpg.tl_E,120.33795460023417,float,120.33795460023417,other,False,True
/content/drive/MyDrive/vps_dataset_subset/Chuanmei_100_000016/GPS_info.json,Chuanmei_100_000016,Satellite.5.jpg.tl_N,30.325461929982616,float,30.325461929982616,other,True,True
/content/drive/MyDrive/vps_dataset_subset/Chuanmei_100_000016/GPS_info.json,Chuanmei_100_000016,Satellite.5.jpg.br_E,120.34117455296219,float,120.34117455296219,other,False,True
/content/drive/MyDrive/vps_dataset_subset/Chuanmei_100_000016/GPS_info.json,Chuanmei_100_000016,Satellite.5.jpg.br_N,30.32268371380667,float,30.32268371380667,other,True,True
/content/drive/MyDrive/vps_dataset_subset/Chuanmei_100_000016/GPS_info.json,Chuanmei_100_000016,Satellite.5.jpg.center_distribute_X,0.13666666666666666,float,0.13666666666666666,other,True,True
/content/drive/MyDrive/vps_dataset_subset/Chuanmei_100_000016/GPS_info.json,Chuanmei_100_000016,Satellite.5.jpg.center_distribute_Y,0.52,float,0.52,other,True,True
/content/drive/MyDrive/vps_dataset_subset/Chuanmei_100_000016/GPS_info.json,Chuanmei_100_000016,Satellite.5.jpg.map_size,1200,int,1200.0,other,False,False
/content/drive/MyDrive/vps_dataset_subset/Chuanmei_100_000016/GPS_info.json,Chuanmei_100_000016,Satellite.6.jpg.tl_E,120.33590724695793,float,120.33590724695793,other,False,True
/content/drive/MyDrive/vps_dataset_subset/Chuanmei_100_000016/GPS_info.json,Chuanmei_100_000016,Satellite.6.jpg.tl_N,30.325464245162763,float,30.325464245162763,other,True,True
/content/drive/MyDrive/vps_dataset_subset/Chuanmei_100_000016/GPS_info.json,Chuanmei_100_000016,Satellite.6.jpg.br_E,120.33939552907995,float,120.33939552907995,other,False,True
/content/drive/MyDrive/vps_dataset_subset/Chuanmei_100_000016/GPS_info.json,Chuanmei_100_000016,Satellite.6.jpg.br_N,30.322454510972154,float,30.322454510972154,other,True,True
/content/drive/MyDrive/vps_dataset_subset/Chuanmei_100_000016/GPS_info.json,Chuanmei_100_000016,Satellite.6.jpg.center_distribute_X,0.20153846153846153,float,0.20153846153846153,other,True,True
/content/drive/MyDrive/vps_dataset_subset/Chuanmei_100_000016/GPS_info.json,Chuanmei_100_000016,Satellite.6.jpg.center_distribute_Y,-0.6169230769230769,float,-0.6169230769230769,other,True,True
/content/drive/MyDrive/vps_dataset_subset/Chuanmei_100_000016/GPS_info.json,Chuanmei_100_000016,Satellite.6.jpg.map_size,1300,int,1300.0,other,False,False
/content/drive/MyDrive/vps_dataset_subset/Chuanmei_100_000016/GPS_info.json,Chuanmei_100_000016,Satellite.7.jpg.tl_E,120.33734280921584,float,120.33734280921584,other,False,True
/content/drive/MyDrive/vps_dataset_subset/Chuanmei_100_000016/GPS_info.json,Chuanmei_100_000016,Satellite.7.jpg.tl_N,30.325853195427396,float,30.325853195427396,other,True,True
/content/drive/MyDrive/vps_dataset_subset/Chuanmei_100_000016/GPS_info.json,Chuanmei_100_000016,Satellite.7.jpg.br_E,120.34109942073187,float,120.34109942073187,other,False,True
/content/drive/MyDrive/vps_dataset_subset/Chuanmei_100_000016/GPS_info.json,Chuanmei_100_000016,Satellite.7.jpg.br_N,30.322611943222125,float,30.322611943222125,other,True,True
/content/drive/MyDrive/vps_dataset_subset/Chuanmei_100_000016/GPS_info.json,Chuanmei_100_000016,Satellite.7.jpg.center_distribute_X,0.018571428571428572,float,0.018571428571428572,other,True,True
/content/drive/MyDrive/vps_dataset_subset/Chuanmei_100_000016/GPS_info.json,Chuanmei_100_000016,Satellite.7.jpg.center_distribute_Y,0.26285714285714284,float,0.26285714285714284,other,True,True
/content/drive/MyDrive/vps_dataset_subset/Chuanmei_100_000016/GPS_info.json,Chuanmei_100_000016,Satellite.7.jpg.map_size,1400,int,1400.0,other,False,False
/content/drive/MyDrive/vps_dataset_subset/Chuanmei_100_000016/GPS_info.json,Chuanmei_100_000016,Satellite.8.jpg.tl_E,120.33573819943972,float,120.33573819943972,other,False,True
/content/drive/MyDrive/vps_dataset_subset/Chuanmei_100_000016/GPS_info.json,Chuanmei_100_000016,Satellite.8.jpg.tl_N,30.325241987868687,float,30.325241987868687,other,True,True
/content/drive/MyDrive/vps_dataset_subset/Chuanmei_100_000016/GPS_info.json,Chuanmei_100_000016,Satellite.8.jpg.br_E,120.33976314034973,float,120.33976314034973,other,False,True
/content/drive/MyDrive/vps_dataset_subset/Chuanmei_100_000016/GPS_info.json,Chuanmei_100_000016,Satellite.8.jpg.br_N,30.321769217648754,float,30.321769217648754,other,True,True
/content/drive/MyDrive/vps_dataset_subset/Chuanmei_100_000016/GPS_info.json,Chuanmei_100_000016,Satellite.8.jpg.center_distribute_X,0.436,float,0.436,other,True,True
/content/drive/MyDrive/vps_dataset_subset/Chuanmei_100_000016/GPS_info.json,Chuanmei_100_000016,Satellite.8.jpg.center_distribute_Y,-0.48533333333333334,float,-0.48533333333333334,other,True,True
/content/drive/MyDrive/vps_dataset_subset/Chuanmei_100_000016/GPS_info.json,Chuanmei_100_000016,Satellite.8.jpg.map_size,1500,int,1500.0,other,False,False
/content/drive/MyDrive/vps_dataset_subset/Chuanmei_100_000016/GPS_info.json,Chuanmei_100_000016,Satellite.9.jpg.tl_E,120.33827927880091,float,120.33827927880091,other,False,True
/content/drive/MyDrive/vps_dataset_subset/Chuanmei_100_000016/GPS_info.json,Chuanmei_100_000016,Satellite.9.jpg.tl_N,30.327182108831558,float,30.327182108831558,other,True,True
/content/drive/MyDrive/vps_dataset_subset/Chuanmei_100_000016/GPS_info.json,Chuanmei_100_000016,Satellite.9.jpg.br_E,120.34257254910493,float,120.34257254910493,other,False,True
/content/drive/MyDrive/vps_dataset_subset/Chuanmei_100_000016/GPS_info.json,Chuanmei_100_000016,Satellite.9.jpg.br_N,30.32347782059696,float,30.32347782059696,other,True,True
/content/drive/MyDrive/vps_dataset_subset/Chuanmei_100_000016/GPS_info.json,Chuanmei_100_000016,Satellite.9.jpg.center_distribute_X,-0.57625,float,-0.57625,other,True,True
/content/drive/MyDrive/vps_dataset_subset/Chuanmei_100_000016/GPS_info.json,Chuanmei_100_000016,Satellite.9.jpg.center_distribute_Y,0.79125,float,0.79125,other,True,True
/content/drive/MyDrive/vps_dataset_subset/Chuanmei_100_000016/GPS_info.json,Chuanmei_100_000016,Satellite.9.jpg.map_size,1600,int,1600.0,other,False,False
/content/drive/MyDrive/vps_dataset_subset/Chuanmei_100_000016/GPS_info.json,Chuanmei_100_000016,Satellite.10.jpg.tl_E,120.33838124397063,float,120.33838124397063,other,False,True
/content/drive/MyDrive/vps_dataset_subset/Chuanmei_100_000016/GPS_info.json,Chuanmei_100_000016,Satellite.10.jpg.tl_N,30.326561640552264,float,30.326561640552264,other,True,True
/content/drive/MyDrive/vps_dataset_subset/Chuanmei_100_000016/GPS_info.json,Chuanmei_100_000016,Satellite.10.jpg.br_E,120.34294284366865,float,120.34294284366865,other,False,True
/content/drive/MyDrive/vps_dataset_subset/Chuanmei_100_000016/GPS_info.json,Chuanmei_100_000016,Satellite.10.jpg.br_N,30.322625834303004,float,30.322625834303004,other,True,True
/content/drive/MyDrive/vps_dataset_subset/Chuanmei_100_000016/GPS_info.json,Chuanmei_100_000016,Satellite.10.jpg.center_distribute_X,-0.16823529411764707,float,-0.16823529411764707,other,True,True
/content/drive/MyDrive/vps_dataset_subset/Chuanmei_100_000016/GPS_info.json,Chuanmei_100_000016,Satellite.10.jpg.center_distribute_Y,0.8482352941176471,float,0.8482352941176471,other,True,True
/content/drive/MyDrive/vps_dataset_subset/Chuanmei_100_000016/GPS_info.json,Chuanmei_100_000016,Satellite.10.jpg.map_size,1700,int,1700.0,other,False,False
/content/drive/MyDrive/vps_dataset_subset/Chuanmei_100_000016/GPS_info.json,Chuanmei_100_000016,Satellite.11.jpg.tl_E,120.33834367785546,float,120.33834367785546,other,False,True
/content/drive/MyDrive/vps_dataset_subset/Chuanmei_100_000016/GPS_info.json,Chuanmei_100_000016,Satellite.11.jpg.tl_N,30.326869559511763,float,30.326869559511763,other,True,True
/content/drive/MyDrive/vps_dataset_subset/Chuanmei_100_000016/GPS_info.json,Chuanmei_100_000016,Satellite.11.jpg.br_E,120.34317360694749,float,120.34317360694749,other,False,True
/content/drive/MyDrive/vps_dataset_subset/Chuanmei_100_000016/GPS_info.json,Chuanmei_100_000016,Satellite.11.jpg.br_N,30.322702235247842,float,30.322702235247842,other,True,True
/content/drive/MyDrive/vps_dataset_subset/Chuanmei_100_000016/GPS_info.json,Chuanmei_100_000016,Satellite.11.jpg.center_distribute_X,-0.2511111111111111,float,-0.2511111111111111,other,True,True
/content/drive/MyDrive/vps_dataset_subset/Chuanmei_100_000016/GPS_info.json,Chuanmei_100_000016,Satellite.11.jpg.center_distribute_Y,0.8411111111111111,float,0.8411111111111111,other,True,True
/content/drive/MyDrive/vps_dataset_subset/Chuanmei_100_000016/GPS_info.json,Chuanmei_100_000016,Satellite.11.jpg.map_size,1800,int,1800.0,other,False,False
/content/drive/MyDrive/vps_dataset_subset/Chuanmei_100_000017/GPS_info.json,Chuanmei_100_000017,UAV.E,120.33872827777778,float,120.33872827777778,other,False,True
/content/drive/MyDrive/vps_dataset_subset/Chuanmei_100_000017/GPS_info.json,Chuanmei_100_000017,UAV.N,30.32408322222222,float,30.32408322222222,other,True,True
/content/drive/MyDrive/vps_dataset_subset/Chuanmei_100_000017/GPS_info.json,Chuanmei_100_000017,Satellite.0.jpg.tl_E,120.3369385207198,float,120.3369385207198,other,False,True
/content/drive/MyDrive/vps_dataset_subset/Chuanmei_100_000017/GPS_info.json,Chuanmei_100_000017,Satellite.0.jpg.tl_N,30.324300849156003,float,30.324300849156003,other,True,True
/content/drive/MyDrive/vps_dataset_subset/Chuanmei_100_000017/GPS_info.json,Chuanmei_100_000017,Satellite.0.jpg.br_E,120.3388168264778,float,120.3388168264778,other,False,True
/content/drive/MyDrive/vps_dataset_subset/Chuanmei_100_000017/GPS_info.json,Chuanmei_100_000017,Satellite.0.jpg.br_N,30.322680223053368,float,30.322680223053368,other,True,True
/content/drive/MyDrive/vps_dataset_subset/Chuanmei_100_000017/GPS_info.json,Chuanmei_100_000017,Satellite.0.jpg.center_distribute_X,0.7314285714285714,float,0.7314285714285714,other,True,True
/content/drive/MyDrive/vps_dataset_subset/Chuanmei_100_000017/GPS_info.json,Chuanmei_100_000017,Satellite.0.jpg.center_distribute_Y,-0.9057142857142857,float,-0.9057142857142857,other,True,True
/content/drive/MyDrive/vps_dataset_subset/Chuanmei_100_000017/GPS_info.json,Chuanmei_100_000017,Satellite.0.jpg.map_size,700,int,700.0,other,False,False
/content/drive/MyDrive/vps_dataset_subset/Chuanmei_100_000017/GPS_info.json,Chuanmei_100_000017,Satellite.1.jpg.tl_E,120.33689022142887,float,120.33689022142887,other,False,True
/content/drive/MyDrive/vps_dataset_subset/Chuanmei_100_000017/GPS_info.json,Chuanmei_100_000017,Satellite.1.jpg.tl_N,30.32537972310433,float,30.32537972310433,other,True,True
/content/drive/MyDrive/vps_dataset_subset/Chuanmei_100_000017/GPS_info.json,Chuanmei_100_000017,Satellite.1.jpg.br_E,120.33903685658088,float,120.33903685658088,other,False,True
/content/drive/MyDrive/vps_dataset_subset/Chuanmei_100_000017/GPS_info.json,Chuanmei_100_000017,Satellite.1.jpg.br_N,30.323527578987033,float,30.323527578987033,other,True,True
/content/drive/MyDrive/vps_dataset_subset/Chuanmei_100_000017/GPS_info.json,Chuanmei_100_000017,Satellite.1.jpg.center_distribute_X,-0.4,float,-0.4,other,True,True
/content/drive/MyDrive/vps_dataset_subset/Chuanmei_100_000017/GPS_info.json,Chuanmei_100_000017,Satellite.1.jpg.center_distribute_Y,-0.7125,float,-0.7125,other,True,True
/content/drive/MyDrive/vps_dataset_subset/Chuanmei_100_000017/GPS_info.json,Chuanmei_100_000017,Satellite.1.jpg.map_size,800,int,800.0,other,False,False
/content/drive/MyDrive/vps_dataset_subset/Chuanmei_100_000017/GPS_info.json,Chuanmei_100_000017,Satellite.2.jpg.tl_E,120.33655212639243,float,120.33655212639243,other,False,True
/content/drive/MyDrive/vps_dataset_subset/Chuanmei_100_000017/GPS_info.json,Chuanmei_100_000017,Satellite.2.jpg.tl_N,30.325382038284477,float,30.325382038284477,other,True,True
/content/drive/MyDrive/vps_dataset_subset/Chuanmei_100_000017/GPS_info.json,Chuanmei_100_000017,Satellite.2.jpg.br_E,120.33896709093844,float,120.33896709093844,other,False,True
/content/drive/MyDrive/vps_dataset_subset/Chuanmei_100_000017/GPS_info.json,Chuanmei_100_000017,Satellite.2.jpg.br_N,30.323298376152515,float,30.323298376152515,other,True,True
/content/drive/MyDrive/vps_dataset_subset/Chuanmei_100_000017/GPS_info.json,Chuanmei_100_000017,Satellite.2.jpg.center_distribute_X,-0.24666666666666667,float,-0.24666666666666667,other,True,True
/content/drive/MyDrive/vps_dataset_subset/Chuanmei_100_000017/GPS_info.json,Chuanmei_100_000017,Satellite.2.jpg.center_distribute_Y,-0.8022222222222222,float,-0.8022222222222222,other,True,True
/content/drive/MyDrive/vps_dataset_subset/Chuanmei_100_000017/GPS_info.json,Chuanmei_100_000017,Satellite.2.jpg.map_size,900,int,900.0,other,False,False
/content/drive/MyDrive/vps_dataset_subset/Chuanmei_100_000017/GPS_info.json,Chuanmei_100_000017,Satellite.3.jpg.tl_E,120.33636697911057,float,120.33636697911057,other,False,True
/content/drive/MyDrive/vps_dataset_subset/Chuanmei_100_000017/GPS_info.json,Chuanmei_100_000017,Satellite.3.jpg.tl_N,30.325780249269698,float,30.325780249269698,other,True,True
/content/drive/MyDrive/vps_dataset_subset/Chuanmei_100_000017/GPS_info.json,Chuanmei_100_000017,Satellite.3.jpg.br_E,120.33905027305059,float,120.33905027305059,other,False,True
/content/drive/MyDrive/vps_dataset_subset/Chuanmei_100_000017/GPS_info.json,Chuanmei_100_000017,Satellite.3.jpg.br_N,30.323465069123074,float,30.323465069123074,other,True,True
/content/drive/MyDrive/vps_dataset_subset/Chuanmei_100_000017/GPS_info.json,Chuanmei_100_000017,Satellite.3.jpg.center_distribute_X,-0.466,float,-0.466,other,True,True
/content/drive/MyDrive/vps_dataset_subset/Chuanmei_100_000017/GPS_info.json,Chuanmei_100_000017,Satellite.3.jpg.center_distribute_Y,-0.76,float,-0.76,other,True,True
/content/drive/MyDrive/vps_dataset_subset/Chuanmei_100_000017/GPS_info.json,Chuanmei_100_000017,Satellite.3.jpg.map_size,1000,int,1000.0,other,False,False
/content/drive/MyDrive/vps_dataset_subset/Chuanmei_100_000017/GPS_info.json,Chuanmei_100_000017,Satellite.4.jpg.tl_E,120.33813526981704,float,120.33813526981704,other,False,True
/content/drive/MyDrive/vps_dataset_subset/Chuanmei_100_000017/GPS_info.json,Chuanmei_100_000017,Satellite.4.jpg.tl_N,30.32561124111899,float,30.32561124111899,other,True,True
/content/drive/MyDrive/vps_dataset_subset/Chuanmei_100_000017/GPS_info.json,Chuanmei_100_000017,Satellite.4.jpg.br_E,120.34108689315106,float,120.34108689315106,other,False,True
/content/drive/MyDrive/vps_dataset_subset/Chuanmei_100_000017/GPS_info.json,Chuanmei_100_000017,Satellite.4.jpg.br_N,30.323064542957706,float,30.323064542957706,other,True,True
/content/drive/MyDrive/vps_dataset_subset/Chuanmei_100_000017/GPS_info.json,Chuanmei_100_000017,Satellite.4.jpg.center_distribute_X,-0.2,float,-0.2,other,True,True
/content/drive/MyDrive/vps_dataset_subset/Chuanmei_100_000017/GPS_info.json,Chuanmei_100_000017,Satellite.4.jpg.center_distribute_Y,0.5981818181818181,float,0.5981818181818181,other,True,True
/content/drive/MyDrive/vps_dataset_subset/Chuanmei_100_000017/GPS_info.json,Chuanmei_100_000017,Satellite.4.jpg.map_size,1100,int,1100.0,other,False,False
/content/drive/MyDrive/vps_dataset_subset/Chuanmei_100_000017/GPS_info.json,Chuanmei_100_000017,Satellite.5.jpg.tl_E,120.33795548912306,float,120.33795548912306,other,False,True
/content/drive/MyDrive/vps_dataset_subset/Chuanmei_100_000017/GPS_info.json,Chuanmei_100_000017,Satellite.5.jpg.tl_N,30.32528248553817,float,30.32528248553817,other,True,True
/content/drive/MyDrive/vps_dataset_subset/Chuanmei_100_000017/GPS_info.json,Chuanmei_100_000017,Satellite.5.jpg.br_E,120.34117544185108,float,120.34117544185108,other,False,True
/content/drive/MyDrive/vps_dataset_subset/Chuanmei_100_000017/GPS_info.json,Chuanmei_100_000017,Satellite.5.jpg.br_N,30.322504269362224,float,30.322504269362224,other,True,True
/content/drive/MyDrive/vps_dataset_subset/Chuanmei_100_000017/GPS_info.json,Chuanmei_100_000017,Satellite.5.jpg.center_distribute_X,0.13666666666666666,float,0.13666666666666666,other,True,True
/content/drive/MyDrive/vps_dataset_subset/Chuanmei_100_000017/GPS_info.json,Chuanmei_100_000017,Satellite.5.jpg.center_distribute_Y,0.52,float,0.52,other,True,True
/content/drive/MyDrive/vps_dataset_subset/Chuanmei_100_000017/GPS_info.json,Chuanmei_100_000017,Satellite.5.jpg.map_size,1200,int,1200.0,other,False,False
/content/drive/MyDrive/vps_dataset_subset/Chuanmei_100_000017/GPS_info.json,Chuanmei_100_000017,Satellite.6.jpg.tl_E,120.33590813584682,float,120.33590813584682,other,False,True
/content/drive/MyDrive/vps_dataset_subset/Chuanmei_100_000017/GPS_info.json,Chuanmei_100_000017,Satellite.6.jpg.tl_N,30.325284800718318,float,30.325284800718318,other,True,True
/content/drive/MyDrive/vps_dataset_subset/Chuanmei_100_000017/GPS_info.json,Chuanmei_100_000017,Satellite.6.jpg.br_E,120.33939641796884,float,120.33939641796884,other,False,True
/content/drive/MyDrive/vps_dataset_subset/Chuanmei_100_000017/GPS_info.json,Chuanmei_100_000017,Satellite.6.jpg.br_N,30.32227506652771,float,30.32227506652771,other,True,True
/content/drive/MyDrive/vps_dataset_subset/Chuanmei_100_000017/GPS_info.json,Chuanmei_100_000017,Satellite.6.jpg.center_distribute_X,0.20153846153846153,float,0.20153846153846153,other,True,True
/content/drive/MyDrive/vps_dataset_subset/Chuanmei_100_000017/GPS_info.json,Chuanmei_100_000017,Satellite.6.jpg.center_distribute_Y,-0.6169230769230769,float,-0.6169230769230769,other,True,True
/content/drive/MyDrive/vps_dataset_subset/Chuanmei_100_000017/GPS_info.json,Chuanmei_100_000017,Satellite.6.jpg.map_size,1300,int,1300.0,other,False,False
/content/drive/MyDrive/vps_dataset_subset/Chuanmei_100_000017/GPS_info.json,Chuanmei_100_000017,Satellite.7.jpg.tl_E,120.33734369810473,float,120.33734369810473,other,False,True
/content/drive/MyDrive/vps_dataset_subset/Chuanmei_100_000017/GPS_info.json,Chuanmei_100_000017,Satellite.7.jpg.tl_N,30.32567375098295,float,30.32567375098295,other,True,True
/content/drive/MyDrive/vps_dataset_subset/Chuanmei_100_000017/GPS_info.json,Chuanmei_100_000017,Satellite.7.jpg.br_E,120.34110030962076,float,120.34110030962076,other,False,True
/content/drive/MyDrive/vps_dataset_subset/Chuanmei_100_000017/GPS_info.json,Chuanmei_100_000017,Satellite.7.jpg.br_N,30.32243249877768,float,30.32243249877768,other,True,True
/content/drive/MyDrive/vps_dataset_subset/Chuanmei_100_000017/GPS_info.json,Chuanmei_100_000017,Satellite.7.jpg.center_distribute_X,0.018571428571428572,float,0.018571428571428572,other,True,True
/content/drive/MyDrive/vps_dataset_subset/Chuanmei_100_000017/GPS_info.json,Chuanmei_100_000017,Satellite.7.jpg.center_distribute_Y,0.26285714285714284,float,0.26285714285714284,other,True,True
/content/drive/MyDrive/vps_dataset_subset/Chuanmei_100_000017/GPS_info.json,Chuanmei_100_000017,Satellite.7.jpg.map_size,1400,int,1400.0,other,False,False
/content/drive/MyDrive/vps_dataset_subset/Chuanmei_100_000017/GPS_info.json,Chuanmei_100_000017,Satellite.8.jpg.tl_E,120.33573908832861,float,120.33573908832861,other,False,True
/content/drive/MyDrive/vps_dataset_subset/Chuanmei_100_000017/GPS_info.json,Chuanmei_100_000017,Satellite.8.jpg.tl_N,30.32506254342424,float,30.32506254342424,other,True,True
/content/drive/MyDrive/vps_dataset_subset/Chuanmei_100_000017/GPS_info.json,Chuanmei_100_000017,Satellite.8.jpg.br_E,120.33976402923862,float,120.33976402923862,other,False,True
/content/drive/MyDrive/vps_dataset_subset/Chuanmei_100_000017/GPS_info.json,Chuanmei_100_000017,Satellite.8.jpg.br_N,30.32158977320431,float,30.32158977320431,other,True,True
/content/drive/MyDrive/vps_dataset_subset/Chuanmei_100_000017/GPS_info.json,Chuanmei_100_000017,Satellite.8.jpg.center_distribute_X,0.436,float,0.436,other,True,True
/content/drive/MyDrive/vps_dataset_subset/Chuanmei_100_000017/GPS_info.json,Chuanmei_100_000017,Satellite.8.jpg.center_distribute_Y,-0.48533333333333334,float,-0.48533333333333334,other,True,True
/content/drive/MyDrive/vps_dataset_subset/Chuanmei_100_000017/GPS_info.json,Chuanmei_100_000017,Satellite.8.jpg.map_size,1500,int,1500.0,other,False,False
/content/drive/MyDrive/vps_dataset_subset/Chuanmei_100_000017/GPS_info.json,Chuanmei_100_000017,Satellite.9.jpg.tl_E,120.3382801676898,float,120.3382801676898,other,False,True
/content/drive/MyDrive/vps_dataset_subset/Chuanmei_100_000017/GPS_info.json,Chuanmei_100_000017,Satellite.9.jpg.tl_N,30.327002664387113,float,30.327002664387113,other,True,True
/content/drive/MyDrive/vps_dataset_subset/Chuanmei_100_000017/GPS_info.json,Chuanmei_100_000017,Satellite.9.jpg.br_E,120.34257343799382,float,120.34257343799382,other,False,True
/content/drive/MyDrive/vps_dataset_subset/Chuanmei_100_000017/GPS_info.json,Chuanmei_100_000017,Satellite.9.jpg.br_N,30.323298376152515,float,30.323298376152515,other,True,True
/content/drive/MyDrive/vps_dataset_subset/Chuanmei_100_000017/GPS_info.json,Chuanmei_100_000017,Satellite.9.jpg.center_distribute_X,-0.57625,float,-0.57625,other,True,True
/content/drive/MyDrive/vps_dataset_subset/Chuanmei_100_000017/GPS_info.json,Chuanmei_100_000017,Satellite.9.jpg.center_distribute_Y,0.79125,float,0.79125,other,True,True
/content/drive/MyDrive/vps_dataset_subset/Chuanmei_100_000017/GPS_info.json,Chuanmei_100_000017,Satellite.9.jpg.map_size,1600,int,1600.0,other,False,False
/content/drive/MyDrive/vps_dataset_subset/Chuanmei_100_000017/GPS_info.json,Chuanmei_100_000017,Satellite.10.jpg.tl_E,120.33838213285952,float,120.33838213285952,other,False,True
/content/drive/MyDrive/vps_dataset_subset/Chuanmei_100_000017/GPS_info.json,Chuanmei_100_000017,Satellite.10.jpg.tl_N,30.32638219610782,float,30.32638219610782,other,True,True
/content/drive/MyDrive/vps_dataset_subset/Chuanmei_100_000017/GPS_info.json,Chuanmei_100_000017,Satellite.10.jpg.br_E,120.34294373255754,float,120.34294373255754,other,False,True
/content/drive/MyDrive/vps_dataset_subset/Chuanmei_100_000017/GPS_info.json,Chuanmei_100_000017,Satellite.10.jpg.br_N,30.32244638985856,float,30.32244638985856,other,True,True
/content/drive/MyDrive/vps_dataset_subset/Chuanmei_100_000017/GPS_info.json,Chuanmei_100_000017,Satellite.10.jpg.center_distribute_X,-0.16823529411764707,float,-0.16823529411764707,other,True,True
/content/drive/MyDrive/vps_dataset_subset/Chuanmei_100_000017/GPS_info.json,Chuanmei_100_000017,Satellite.10.jpg.center_distribute_Y,0.8482352941176471,float,0.8482352941176471,other,True,True
/content/drive/MyDrive/vps_dataset_subset/Chuanmei_100_000017/GPS_info.json,Chuanmei_100_000017,Satellite.10.jpg.map_size,1700,int,1700.0,other,False,False
/content/drive/MyDrive/vps_dataset_subset/Chuanmei_100_000017/GPS_info.json,Chuanmei_100_000017,Satellite.11.jpg.tl_E,120.33834456674435,float,120.33834456674435,other,False,True
/content/drive/MyDrive/vps_dataset_subset/Chuanmei_100_000017/GPS_info.json,Chuanmei_100_000017,Satellite.11.jpg.tl_N,30.32669011506732,float,30.32669011506732,other,True,True
/content/drive/MyDrive/vps_dataset_subset/Chuanmei_100_000017/GPS_info.json,Chuanmei_100_000017,Satellite.11.jpg.br_E,120.34317449583638,float,120.34317449583638,other,False,True
/content/drive/MyDrive/vps_dataset_subset/Chuanmei_100_000017/GPS_info.json,Chuanmei_100_000017,Satellite.11.jpg.br_N,30.322522790803397,float,30.322522790803397,other,True,True
/content/drive/MyDrive/vps_dataset_subset/Chuanmei_100_000017/GPS_info.json,Chuanmei_100_000017,Satellite.11.jpg.center_distribute_X,-0.2511111111111111,float,-0.2511111111111111,other,True,True
/content/drive/MyDrive/vps_dataset_subset/Chuanmei_100_000017/GPS_info.json,Chuanmei_100_000017,Satellite.11.jpg.center_distribute_Y,0.8411111111111111,float,0.8411111111111111,other,True,True
/content/drive/MyDrive/vps_dataset_subset/Chuanmei_100_000017/GPS_info.json,Chuanmei_100_000017,Satellite.11.jpg.map_size,1800,int,1800.0,other,False,False
/content/drive/MyDrive/vps_dataset_subset/Chuanmei_100_000023/GPS_info.json,Chuanmei_100_000023,UAV.E,120.33748097222222,float,120.33748097222222,other,False,True
/content/drive/MyDrive/vps_dataset_subset/Chuanmei_100_000023/GPS_info.json,Chuanmei_100_000023,UAV.N,30.324083055555555,float,30.324083055555555,other,True,True
/content/drive/MyDrive/vps_dataset_subset/Chuanmei_100_000023/GPS_info.json,Chuanmei_100_000023,Satellite.0.jpg.tl_E,120.33719922635852,float,120.33719922635852,other,False,True
/content/drive/MyDrive/vps_dataset_subset/Chuanmei_100_000023/GPS_info.json,Chuanmei_100_000023,Satellite.0.jpg.tl_N,30.324309943209926,float,30.324309943209926,other,True,True
/content/drive/MyDrive/vps_dataset_subset/Chuanmei_100_000023/GPS_info.json,Chuanmei_100_000023,Satellite.0.jpg.br_E,120.33907753211653,float,120.33907753211653,other,False,True
/content/drive/MyDrive/vps_dataset_subset/Chuanmei_100_000023/GPS_info.json,Chuanmei_100_000023,Satellite.0.jpg.br_N,30.322689317107287,float,30.322689317107287,other,True,True
/content/drive/MyDrive/vps_dataset_subset/Chuanmei_100_000023/GPS_info.json,Chuanmei_100_000023,Satellite.0.jpg.center_distribute_X,0.72,float,0.72,other,True,True
/content/drive/MyDrive/vps_dataset_subset/Chuanmei_100_000023/GPS_info.json,Chuanmei_100_000023,Satellite.0.jpg.center_distribute_Y,0.7,float,0.7,other,True,True
/content/drive/MyDrive/vps_dataset_subset/Chuanmei_100_000023/GPS_info.json,Chuanmei_100_000023,Satellite.0.jpg.map_size,700,int,700.0,other,False,False
/content/drive/MyDrive/vps_dataset_subset/Chuanmei_100_000023/GPS_info.json,Chuanmei_100_000023,Satellite.1.jpg.tl_E,120.33741925646162,float,120.33741925646162,other,False,True
/content/drive/MyDrive/vps_dataset_subset/Chuanmei_100_000023/GPS_info.json,Chuanmei_100_000023,Satellite.1.jpg.tl_N,30.32492346594878,float,30.32492346594878,other,True,True
/content/drive/MyDrive/vps_dataset_subset/Chuanmei_100_000023/GPS_info.json,Chuanmei_100_000023,Satellite.1.jpg.br_E,120.33956589161362,float,120.33956589161362,other,False,True
/content/drive/MyDrive/vps_dataset_subset/Chuanmei_100_000023/GPS_info.json,Chuanmei_100_000023,Satellite.1.jpg.br_N,30.32307132183148,float,30.32307132183148,other,True,True
/content/drive/MyDrive/vps_dataset_subset/Chuanmei_100_000023/GPS_info.json,Chuanmei_100_000023,Satellite.1.jpg.center_distribute_X,0.0925,float,0.0925,other,True,True
/content/drive/MyDrive/vps_dataset_subset/Chuanmei_100_000023/GPS_info.json,Chuanmei_100_000023,Satellite.1.jpg.center_distribute_Y,0.9425,float,0.9425,other,True,True
/content/drive/MyDrive/vps_dataset_subset/Chuanmei_100_000023/GPS_info.json,Chuanmei_100_000023,Satellite.1.jpg.map_size,800,int,800.0,other,False,False
/content/drive/MyDrive/vps_dataset_subset/Chuanmei_100_000023/GPS_info.json,Chuanmei_100_000023,Satellite.2.jpg.tl_E,120.33624934030377,float,120.33624934030377,other,False,True
/content/drive/MyDrive/vps_dataset_subset/Chuanmei_100_000023/GPS_info.json,Chuanmei_100_000023,Satellite.2.jpg.tl_N,30.326023176518426,float,30.326023176518426,other,True,True
/content/drive/MyDrive/vps_dataset_subset/Chuanmei_100_000023/GPS_info.json,Chuanmei_100_000023,Satellite.2.jpg.br_E,120.33866430484977,float,120.33866430484977,other,False,True
/content/drive/MyDrive/vps_dataset_subset/Chuanmei_100_000023/GPS_info.json,Chuanmei_100_000023,Satellite.2.jpg.br_N,30.323939514386463,float,30.323939514386463,other,True,True
/content/drive/MyDrive/vps_dataset_subset/Chuanmei_100_000023/GPS_info.json,Chuanmei_100_000023,Satellite.2.jpg.center_distribute_X,-0.8622222222222222,float,-0.8622222222222222,other,True,True
/content/drive/MyDrive/vps_dataset_subset/Chuanmei_100_000023/GPS_info.json,Chuanmei_100_000023,Satellite.2.jpg.center_distribute_Y,-0.02,float,-0.02,other,True,True
/content/drive/MyDrive/vps_dataset_subset/Chuanmei_100_000023/GPS_info.json,Chuanmei_100_000023,Satellite.2.jpg.map_size,900,int,900.0,other,False,False
/content/drive/MyDrive/vps_dataset_subset/Chuanmei_100_000023/GPS_info.json,Chuanmei_100_000023,Satellite.3.jpg.tl_E,120.33560266646423,float,120.33560266646423,other,False,True
/content/drive/MyDrive/vps_dataset_subset/Chuanmei_100_000023/GPS_info.json,Chuanmei_100_000023,Satellite.3.jpg.tl_N,30.325090158919338,float,30.325090158919338,other,True,True
/content/drive/MyDrive/vps_dataset_subset/Chuanmei_100_000023/GPS_info.json,Chuanmei_100_000023,Satellite.3.jpg.br_E,120.33828596040424,float,120.33828596040424,other,False,True
/content/drive/MyDrive/vps_dataset_subset/Chuanmei_100_000023/GPS_info.json,Chuanmei_100_000023,Satellite.3.jpg.br_N,30.322774978772713,float,30.322774978772713,other,True,True
/content/drive/MyDrive/vps_dataset_subset/Chuanmei_100_000023/GPS_info.json,Chuanmei_100_000023,Satellite.3.jpg.center_distribute_X,0.13,float,0.13,other,True,True
/content/drive/MyDrive/vps_dataset_subset/Chuanmei_100_000023/GPS_info.json,Chuanmei_100_000023,Satellite.3.jpg.center_distribute_Y,-0.4,float,-0.4,other,True,True
/content/drive/MyDrive/vps_dataset_subset/Chuanmei_100_000023/GPS_info.json,Chuanmei_100_000023,Satellite.3.jpg.map_size,1000,int,1000.0,other,False,False
/content/drive/MyDrive/vps_dataset_subset/Chuanmei_100_000023/GPS_info.json,Chuanmei_100_000023,Satellite.4.jpg.tl_E,120.33539873612477,float,120.33539873612477,other,False,True
/content/drive/MyDrive/vps_dataset_subset/Chuanmei_100_000023/GPS_info.json,Chuanmei_100_000023,Satellite.4.jpg.tl_N,30.32623385791177,float,30.32623385791177,other,True,True
/content/drive/MyDrive/vps_dataset_subset/Chuanmei_100_000023/GPS_info.json,Chuanmei_100_000023,Satellite.4.jpg.br_E,120.3383503594588,float,120.3383503594588,other,False,True
/content/drive/MyDrive/vps_dataset_subset/Chuanmei_100_000023/GPS_info.json,Chuanmei_100_000023,Satellite.4.jpg.br_N,30.32368715975048,float,30.32368715975048,other,True,True
/content/drive/MyDrive/vps_dataset_subset/Chuanmei_100_000023/GPS_info.json,Chuanmei_100_000023,Satellite.4.jpg.center_distribute_X,-0.6890909090909091,float,-0.6890909090909091,other,True,True
/content/drive/MyDrive/vps_dataset_subset/Chuanmei_100_000023/GPS_info.json,Chuanmei_100_000023,Satellite.4.jpg.center_distribute_Y,-0.4109090909090909,float,-0.4109090909090909,other,True,True
/content/drive/MyDrive/vps_dataset_subset/Chuanmei_100_000023/GPS_info.json,Chuanmei_100_000023,Satellite.4.jpg.map_size,1100,int,1100.0,other,False,False
/content/drive/MyDrive/vps_dataset_subset/Chuanmei_100_000023/GPS_info.json,Chuanmei_100_000023,Satellite.5.jpg.tl_E,120.33476279546099,float,120.33476279546099,other,False,True
/content/drive/MyDrive/vps_dataset_subset/Chuanmei_100_000023/GPS_info.json,Chuanmei_100_000023,Satellite.5.jpg.tl_N,30.325844907647134,float,30.325844907647134,other,True,True
/content/drive/MyDrive/vps_dataset_subset/Chuanmei_100_000023/GPS_info.json,Chuanmei_100_000023,Satellite.5.jpg.br_E,120.337982748189,float,120.337982748189,other,False,True
/content/drive/MyDrive/vps_dataset_subset/Chuanmei_100_000023/GPS_info.json,Chuanmei_100_000023,Satellite.5.jpg.br_N,30.323066691471187,float,30.323066691471187,other,True,True
/content/drive/MyDrive/vps_dataset_subset/Chuanmei_100_000023/GPS_info.json,Chuanmei_100_000023,Satellite.5.jpg.center_distribute_X,-0.2683333333333333,float,-0.2683333333333333,other,True,True
/content/drive/MyDrive/vps_dataset_subset/Chuanmei_100_000023/GPS_info.json,Chuanmei_100_000023,Satellite.5.jpg.center_distribute_Y,-0.6883333333333334,float,-0.6883333333333334,other,True,True
/content/drive/MyDrive/vps_dataset_subset/Chuanmei_100_000023/GPS_info.json,Chuanmei_100_000023,Satellite.5.jpg.map_size,1200,int,1200.0,other,False,False
/content/drive/MyDrive/vps_dataset_subset/Chuanmei_100_000023/GPS_info.json,Chuanmei_100_000023,Satellite.6.jpg.tl_E,120.33436030137,float,120.33436030137,other,False,True
/content/drive/MyDrive/vps_dataset_subset/Chuanmei_100_000023/GPS_info.json,Chuanmei_100_000023,Satellite.6.jpg.tl_N,30.324770664059102,float,30.324770664059102,other,True,True
/content/drive/MyDrive/vps_dataset_subset/Chuanmei_100_000023/GPS_info.json,Chuanmei_100_000023,Satellite.6.jpg.br_E,120.337848583492,float,120.337848583492,other,False,True
/content/drive/MyDrive/vps_dataset_subset/Chuanmei_100_000023/GPS_info.json,Chuanmei_100_000023,Satellite.6.jpg.br_N,30.321760929868493,float,30.321760929868493,other,True,True
/content/drive/MyDrive/vps_dataset_subset/Chuanmei_100_000023/GPS_info.json,Chuanmei_100_000023,Satellite.6.jpg.center_distribute_X,0.5430769230769231,float,0.5430769230769231,other,True,True
/content/drive/MyDrive/vps_dataset_subset/Chuanmei_100_000023/GPS_info.json,Chuanmei_100_000023,Satellite.6.jpg.center_distribute_Y,-0.7892307692307692,float,-0.7892307692307692,other,True,True
/content/drive/MyDrive/vps_dataset_subset/Chuanmei_100_000023/GPS_info.json,Chuanmei_100_000023,Satellite.6.jpg.map_size,1300,int,1300.0,other,False,False
/content/drive/MyDrive/vps_dataset_subset/Chuanmei_100_000023/GPS_info.json,Chuanmei_100_000023,Satellite.7.jpg.tl_E,120.33680478214934,float,120.33680478214934,other,False,True
/content/drive/MyDrive/vps_dataset_subset/Chuanmei_100_000023/GPS_info.json,Chuanmei_100_000023,Satellite.7.jpg.tl_N,30.32436782271359,float,30.32436782271359,other,True,True
/content/drive/MyDrive/vps_dataset_subset/Chuanmei_100_000023/GPS_info.json,Chuanmei_100_000023,Satellite.7.jpg.br_E,120.34056139366537,float,120.34056139366537,other,False,True
/content/drive/MyDrive/vps_dataset_subset/Chuanmei_100_000023/GPS_info.json,Chuanmei_100_000023,Satellite.7.jpg.br_N,30.321126570508316,float,30.321126570508316,other,True,True
/content/drive/MyDrive/vps_dataset_subset/Chuanmei_100_000023/GPS_info.json,Chuanmei_100_000023,Satellite.7.jpg.center_distribute_X,0.8242857142857143,float,0.8242857142857143,other,True,True
/content/drive/MyDrive/vps_dataset_subset/Chuanmei_100_000023/GPS_info.json,Chuanmei_100_000023,Satellite.7.jpg.center_distribute_Y,0.64,float,0.64,other,True,True
/content/drive/MyDrive/vps_dataset_subset/Chuanmei_100_000023/GPS_info.json,Chuanmei_100_000023,Satellite.7.jpg.map_size,1400,int,1400.0,other,False,False
/content/drive/MyDrive/vps_dataset_subset/Chuanmei_100_000023/GPS_info.json,Chuanmei_100_000023,Satellite.8.jpg.tl_E,120.3351518730823,float,120.3351518730823,other,False,True
/content/drive/MyDrive/vps_dataset_subset/Chuanmei_100_000023/GPS_info.json,Chuanmei_100_000023,Satellite.8.jpg.tl_N,30.325585607470714,float,30.325585607470714,other,True,True
/content/drive/MyDrive/vps_dataset_subset/Chuanmei_100_000023/GPS_info.json,Chuanmei_100_000023,Satellite.8.jpg.br_E,120.33917681399232,float,120.33917681399232,other,False,True
/content/drive/MyDrive/vps_dataset_subset/Chuanmei_100_000023/GPS_info.json,Chuanmei_100_000023,Satellite.8.jpg.br_N,30.322112837250778,float,30.322112837250778,other,True,True
/content/drive/MyDrive/vps_dataset_subset/Chuanmei_100_000023/GPS_info.json,Chuanmei_100_000023,Satellite.8.jpg.center_distribute_X,0.13466666666666666,float,0.13466666666666666,other,True,True
/content/drive/MyDrive/vps_dataset_subset/Chuanmei_100_000023/GPS_info.json,Chuanmei_100_000023,Satellite.8.jpg.center_distribute_Y,-0.15733333333333333,float,-0.15733333333333333,other,True,True
/content/drive/MyDrive/vps_dataset_subset/Chuanmei_100_000023/GPS_info.json,Chuanmei_100_000023,Satellite.8.jpg.map_size,1500,int,1500.0,other,False,False
/content/drive/MyDrive/vps_dataset_subset/Chuanmei_100_000023/GPS_info.json,Chuanmei_100_000023,Satellite.9.jpg.tl_E,120.33331650002732,float,120.33331650002732,other,False,True
/content/drive/MyDrive/vps_dataset_subset/Chuanmei_100_000023/GPS_info.json,Chuanmei_100_000023,Satellite.9.jpg.tl_N,30.324960508831126,float,30.324960508831126,other,True,True
/content/drive/MyDrive/vps_dataset_subset/Chuanmei_100_000023/GPS_info.json,Chuanmei_100_000023,Satellite.9.jpg.br_E,120.33760977033135,float,120.33760977033135,other,False,True
/content/drive/MyDrive/vps_dataset_subset/Chuanmei_100_000023/GPS_info.json,Chuanmei_100_000023,Satellite.9.jpg.br_N,30.321256220596528,float,30.321256220596528,other,True,True
/content/drive/MyDrive/vps_dataset_subset/Chuanmei_100_000023/GPS_info.json,Chuanmei_100_000023,Satellite.9.jpg.center_distribute_X,0.52625,float,0.52625,other,True,True
/content/drive/MyDrive/vps_dataset_subset/Chuanmei_100_000023/GPS_info.json,Chuanmei_100_000023,Satellite.9.jpg.center_distribute_Y,-0.94,float,-0.94,other,True,True
/content/drive/MyDrive/vps_dataset_subset/Chuanmei_100_000023/GPS_info.json,Chuanmei_100_000023,Satellite.9.jpg.map_size,1600,int,1600.0,other,False,False
/content/drive/MyDrive/vps_dataset_subset/Chuanmei_100_000023/GPS_info.json,Chuanmei_100_000023,Satellite.10.jpg.tl_E,120.33543093565206,float,120.33543093565206,other,False,True
/content/drive/MyDrive/vps_dataset_subset/Chuanmei_100_000023/GPS_info.json,Chuanmei_100_000023,Satellite.10.jpg.tl_N,30.326782555606517,float,30.326782555606517,other,True,True
/content/drive/MyDrive/vps_dataset_subset/Chuanmei_100_000023/GPS_info.json,Chuanmei_100_000023,Satellite.10.jpg.br_E,120.33999253535008,float,120.33999253535008,other,False,True
/content/drive/MyDrive/vps_dataset_subset/Chuanmei_100_000023/GPS_info.json,Chuanmei_100_000023,Satellite.10.jpg.br_N,30.322846749357257,float,30.322846749357257,other,True,True
/content/drive/MyDrive/vps_dataset_subset/Chuanmei_100_000023/GPS_info.json,Chuanmei_100_000023,Satellite.10.jpg.center_distribute_X,-0.37176470588235294,float,-0.37176470588235294,other,True,True
/content/drive/MyDrive/vps_dataset_subset/Chuanmei_100_000023/GPS_info.json,Chuanmei_100_000023,Satellite.10.jpg.center_distribute_Y,0.1011764705882353,float,0.1011764705882353,other,True,True
/content/drive/MyDrive/vps_dataset_subset/Chuanmei_100_000023/GPS_info.json,Chuanmei_100_000023,Satellite.10.jpg.map_size,1700,int,1700.0,other,False,False
/content/drive/MyDrive/vps_dataset_subset/Chuanmei_100_000023/GPS_info.json,Chuanmei_100_000023,Satellite.11.jpg.tl_E,120.33324405109094,float,120.33324405109094,other,False,True
/content/drive/MyDrive/vps_dataset_subset/Chuanmei_100_000023/GPS_info.json,Chuanmei_100_000023,Satellite.11.jpg.tl_N,30.32665059033816,float,30.32665059033816,other,True,True
/content/drive/MyDrive/vps_dataset_subset/Chuanmei_100_000023/GPS_info.json,Chuanmei_100_000023,Satellite.11.jpg.br_E,120.33807398018297,float,120.33807398018297,other,False,True
/content/drive/MyDrive/vps_dataset_subset/Chuanmei_100_000023/GPS_info.json,Chuanmei_100_000023,Satellite.11.jpg.br_N,30.32248326607424,float,30.32248326607424,other,True,True
/content/drive/MyDrive/vps_dataset_subset/Chuanmei_100_000023/GPS_info.json,Chuanmei_100_000023,Satellite.11.jpg.center_distribute_X,-0.23222222222222222,float,-0.23222222222222222,other,True,True
/content/drive/MyDrive/vps_dataset_subset/Chuanmei_100_000023/GPS_info.json,Chuanmei_100_000023,Satellite.11.jpg.center_distribute_Y,-0.7544444444444445,float,-0.7544444444444445,other,True,True
/content/drive/MyDrive/vps_dataset_subset/Chuanmei_100_000023/GPS_info.json,Chuanmei_100_000023,Satellite.11.jpg.map_size,1800,int,1800.0,other,False,False
