analysis,condition,target_definition,claim_status,score_availability,score,coverage,requested_coverage,accepted_trials,total_trials,accepted_positive_count,accepted_positive_rate,baseline_positive_rate,positive_rate_lift,observed_score_threshold,threshold_status
CORRUPTION_TOP1_IDENTITY_STABILITY,blur_mild,CORRUPTED_TOP1_EQUALS_CLEAN_TOP1_NOT_TRUE_LOCALIZATION_CORRECTNESS,STABILITY_DIAGNOSTIC_ONLY,AVAILABLE_FROM_SINGLE_RETRIEVAL,top1_similarity,1.0,1.0,27972,27972,3779,0.1350993850993851,0.1350993850993851,1.0,-0.024138566106557846,DESCRIPTIVE_OBSERVED_QUANTILE_NOT_DEPLOYMENT_CALIBRATED
CORRUPTION_TOP1_IDENTITY_STABILITY,blur_mild,CORRUPTED_TOP1_EQUALS_CLEAN_TOP1_NOT_TRUE_LOCALIZATION_CORRECTNESS,STABILITY_DIAGNOSTIC_ONLY,AVAILABLE_FROM_SINGLE_RETRIEVAL,top1_similarity,0.5,0.5,13986,27972,1724,0.12326612326612327,0.1350993850993851,0.9124106906589045,0.5939681529998779,DESCRIPTIVE_OBSERVED_QUANTILE_NOT_DEPLOYMENT_CALIBRATED
CORRUPTION_TOP1_IDENTITY_STABILITY,blur_mild,CORRUPTED_TOP1_EQUALS_CLEAN_TOP1_NOT_TRUE_LOCALIZATION_CORRECTNESS,STABILITY_DIAGNOSTIC_ONLY,AVAILABLE_FROM_SINGLE_RETRIEVAL,top1_similarity,0.25,0.25,6993,27972,737,0.1053911053911054,0.1350993850993851,0.7801005557025669,0.6974140405654907,DESCRIPTIVE_OBSERVED_QUANTILE_NOT_DEPLOYMENT_CALIBRATED
CORRUPTION_TOP1_IDENTITY_STABILITY,blur_mild,CORRUPTED_TOP1_EQUALS_CLEAN_TOP1_NOT_TRUE_LOCALIZATION_CORRECTNESS,STABILITY_DIAGNOSTIC_ONLY,AVAILABLE_FROM_SINGLE_RETRIEVAL,top1_similarity,0.09999284999284999,0.1,2797,27972,271,0.09688952449052557,0.1350993850993851,0.717172209327595,0.7716476917266846,DESCRIPTIVE_OBSERVED_QUANTILE_NOT_DEPLOYMENT_CALIBRATED
CORRUPTION_TOP1_IDENTITY_STABILITY,blur_mild,CORRUPTED_TOP1_EQUALS_CLEAN_TOP1_NOT_TRUE_LOCALIZATION_CORRECTNESS,STABILITY_DIAGNOSTIC_ONLY,AVAILABLE_FROM_SINGLE_RETRIEVAL,top1_similarity,0.05001430001430002,0.05,1399,27972,128,0.091493924231594,0.1350993850993851,0.6772342018010445,0.8057663440704346,DESCRIPTIVE_OBSERVED_QUANTILE_NOT_DEPLOYMENT_CALIBRATED
CORRUPTION_TOP1_IDENTITY_STABILITY,blur_mild,CORRUPTED_TOP1_EQUALS_CLEAN_TOP1_NOT_TRUE_LOCALIZATION_CORRECTNESS,STABILITY_DIAGNOSTIC_ONLY,AVAILABLE_FROM_SINGLE_RETRIEVAL,top1_similarity,0.019984269984269984,0.02,559,27972,46,0.08228980322003578,0.1350993850993851,0.6091056828978144,0.8379159569740295,DESCRIPTIVE_OBSERVED_QUANTILE_NOT_DEPLOYMENT_CALIBRATED
CORRUPTION_TOP1_IDENTITY_STABILITY,blur_mild,CORRUPTED_TOP1_EQUALS_CLEAN_TOP1_NOT_TRUE_LOCALIZATION_CORRECTNESS,STABILITY_DIAGNOSTIC_ONLY,AVAILABLE_FROM_SINGLE_RETRIEVAL,top1_similarity,0.01001001001001001,0.01,280,27972,19,0.06785714285714285,0.1350993850993851,0.502275734321249,0.8577245473861694,DESCRIPTIVE_OBSERVED_QUANTILE_NOT_DEPLOYMENT_CALIBRATED
CORRUPTION_TOP1_IDENTITY_STABILITY,blur_mild,CORRUPTED_TOP1_EQUALS_CLEAN_TOP1_NOT_TRUE_LOCALIZATION_CORRECTNESS,STABILITY_DIAGNOSTIC_ONLY,AVAILABLE_FROM_SINGLE_RETRIEVAL,top1_top2_margin,1.0,1.0,27972,27972,3779,0.1350993850993851,0.1350993850993851,1.0,1.430511474609375e-06,DESCRIPTIVE_OBSERVED_QUANTILE_NOT_DEPLOYMENT_CALIBRATED
CORRUPTION_TOP1_IDENTITY_STABILITY,blur_mild,CORRUPTED_TOP1_EQUALS_CLEAN_TOP1_NOT_TRUE_LOCALIZATION_CORRECTNESS,STABILITY_DIAGNOSTIC_ONLY,AVAILABLE_FROM_SINGLE_RETRIEVAL,top1_top2_margin,0.5,0.5,13986,27972,2609,0.18654368654368655,0.1350993850993851,1.38078856840434,0.012005925178527832,DESCRIPTIVE_OBSERVED_QUANTILE_NOT_DEPLOYMENT_CALIBRATED
CORRUPTION_TOP1_IDENTITY_STABILITY,blur_mild,CORRUPTED_TOP1_EQUALS_CLEAN_TOP1_NOT_TRUE_LOCALIZATION_CORRECTNESS,STABILITY_DIAGNOSTIC_ONLY,AVAILABLE_FROM_SINGLE_RETRIEVAL,top1_top2_margin,0.25,0.25,6993,27972,1728,0.2471042471042471,0.1350993850993851,1.8290553056364118,0.024283766746520996,DESCRIPTIVE_OBSERVED_QUANTILE_NOT_DEPLOYMENT_CALIBRATED
CORRUPTION_TOP1_IDENTITY_STABILITY,blur_mild,CORRUPTED_TOP1_EQUALS_CLEAN_TOP1_NOT_TRUE_LOCALIZATION_CORRECTNESS,STABILITY_DIAGNOSTIC_ONLY,AVAILABLE_FROM_SINGLE_RETRIEVAL,top1_top2_margin,0.09999284999284999,0.1,2797,27972,896,0.32034322488380407,0.1350993850993851,2.3711671570388377,0.04116407036781311,DESCRIPTIVE_OBSERVED_QUANTILE_NOT_DEPLOYMENT_CALIBRATED
CORRUPTION_TOP1_IDENTITY_STABILITY,blur_mild,CORRUPTED_TOP1_EQUALS_CLEAN_TOP1_NOT_TRUE_LOCALIZATION_CORRECTNESS,STABILITY_DIAGNOSTIC_ONLY,AVAILABLE_FROM_SINGLE_RETRIEVAL,top1_top2_margin,0.05001430001430002,0.05,1399,27972,533,0.38098641887062185,0.1350993850993851,2.820045543437162,0.054554104804992676,DESCRIPTIVE_OBSERVED_QUANTILE_NOT_DEPLOYMENT_CALIBRATED
CORRUPTION_TOP1_IDENTITY_STABILITY,blur_mild,CORRUPTED_TOP1_EQUALS_CLEAN_TOP1_NOT_TRUE_LOCALIZATION_CORRECTNESS,STABILITY_DIAGNOSTIC_ONLY,AVAILABLE_FROM_SINGLE_RETRIEVAL,top1_top2_margin,0.019984269984269984,0.02,559,27972,250,0.4472271914132379,0.1350993850993851,3.3103569722707307,0.0723806619644165,DESCRIPTIVE_OBSERVED_QUANTILE_NOT_DEPLOYMENT_CALIBRATED
CORRUPTION_TOP1_IDENTITY_STABILITY,blur_mild,CORRUPTED_TOP1_EQUALS_CLEAN_TOP1_NOT_TRUE_LOCALIZATION_CORRECTNESS,STABILITY_DIAGNOSTIC_ONLY,AVAILABLE_FROM_SINGLE_RETRIEVAL,top1_top2_margin,0.01001001001001001,0.01,280,27972,132,0.4714285714285714,0.1350993850993851,3.489494575284467,0.08423745632171631,DESCRIPTIVE_OBSERVED_QUANTILE_NOT_DEPLOYMENT_CALIBRATED
CORRUPTION_TOP1_IDENTITY_STABILITY,blur_mild,CORRUPTED_TOP1_EQUALS_CLEAN_TOP1_NOT_TRUE_LOCALIZATION_CORRECTNESS,PAIRED_DIAGNOSTIC_ONLY,NOT_AVAILABLE_FOR_SINGLE_QUERY_DEPLOYMENT_REQUIRES_PAIRED_CLEAN_REFERENCE,clean_corrupted_descriptor_cosine,1.0,1.0,27972,27972,3779,0.1350993850993851,0.1350993850993851,1.0,0.031299982219934464,DESCRIPTIVE_OBSERVED_QUANTILE_NOT_DEPLOYMENT_CALIBRATED
CORRUPTION_TOP1_IDENTITY_STABILITY,blur_mild,CORRUPTED_TOP1_EQUALS_CLEAN_TOP1_NOT_TRUE_LOCALIZATION_CORRECTNESS,PAIRED_DIAGNOSTIC_ONLY,NOT_AVAILABLE_FOR_SINGLE_QUERY_DEPLOYMENT_REQUIRES_PAIRED_CLEAN_REFERENCE,clean_corrupted_descriptor_cosine,0.5,0.5,13986,27972,3202,0.22894322894322894,0.1350993850993851,1.6946282085207727,0.6765240430831909,DESCRIPTIVE_OBSERVED_QUANTILE_NOT_DEPLOYMENT_CALIBRATED
CORRUPTION_TOP1_IDENTITY_STABILITY,blur_mild,CORRUPTED_TOP1_EQUALS_CLEAN_TOP1_NOT_TRUE_LOCALIZATION_CORRECTNESS,PAIRED_DIAGNOSTIC_ONLY,NOT_AVAILABLE_FOR_SINGLE_QUERY_DEPLOYMENT_REQUIRES_PAIRED_CLEAN_REFERENCE,clean_corrupted_descriptor_cosine,0.25,0.25,6993,27972,2189,0.313027313027313,0.1350993850993851,2.317015083355385,0.7676316499710083,DESCRIPTIVE_OBSERVED_QUANTILE_NOT_DEPLOYMENT_CALIBRATED
CORRUPTION_TOP1_IDENTITY_STABILITY,blur_mild,CORRUPTED_TOP1_EQUALS_CLEAN_TOP1_NOT_TRUE_LOCALIZATION_CORRECTNESS,PAIRED_DIAGNOSTIC_ONLY,NOT_AVAILABLE_FOR_SINGLE_QUERY_DEPLOYMENT_REQUIRES_PAIRED_CLEAN_REFERENCE,clean_corrupted_descriptor_cosine,0.09999284999284999,0.1,2797,27972,1158,0.4140150160886664,0.1350993850993851,3.0645218391193905,0.8365013003349304,DESCRIPTIVE_OBSERVED_QUANTILE_NOT_DEPLOYMENT_CALIBRATED
CORRUPTION_TOP1_IDENTITY_STABILITY,blur_mild,CORRUPTED_TOP1_EQUALS_CLEAN_TOP1_NOT_TRUE_LOCALIZATION_CORRECTNESS,PAIRED_DIAGNOSTIC_ONLY,NOT_AVAILABLE_FOR_SINGLE_QUERY_DEPLOYMENT_REQUIRES_PAIRED_CLEAN_REFERENCE,clean_corrupted_descriptor_cosine,0.05001430001430002,0.05,1399,27972,645,0.4610436025732666,0.1350993850993851,3.412625470013076,0.8669902086257935,DESCRIPTIVE_OBSERVED_QUANTILE_NOT_DEPLOYMENT_CALIBRATED
CORRUPTION_TOP1_IDENTITY_STABILITY,blur_mild,CORRUPTED_TOP1_EQUALS_CLEAN_TOP1_NOT_TRUE_LOCALIZATION_CORRECTNESS,PAIRED_DIAGNOSTIC_ONLY,NOT_AVAILABLE_FOR_SINGLE_QUERY_DEPLOYMENT_REQUIRES_PAIRED_CLEAN_REFERENCE,clean_corrupted_descriptor_cosine,0.019984269984269984,0.02,559,27972,286,0.5116279069767442,0.1350993850993851,3.787048376277716,0.8946934938430786,DESCRIPTIVE_OBSERVED_QUANTILE_NOT_DEPLOYMENT_CALIBRATED
CORRUPTION_TOP1_IDENTITY_STABILITY,blur_mild,CORRUPTED_TOP1_EQUALS_CLEAN_TOP1_NOT_TRUE_LOCALIZATION_CORRECTNESS,PAIRED_DIAGNOSTIC_ONLY,NOT_AVAILABLE_FOR_SINGLE_QUERY_DEPLOYMENT_REQUIRES_PAIRED_CLEAN_REFERENCE,clean_corrupted_descriptor_cosine,0.01001001001001001,0.01,280,27972,142,0.5071428571428571,0.1350993850993851,3.753850224927229,0.9080826044082642,DESCRIPTIVE_OBSERVED_QUANTILE_NOT_DEPLOYMENT_CALIBRATED
CORRUPTION_TOP1_IDENTITY_STABILITY,blur_strong,CORRUPTED_TOP1_EQUALS_CLEAN_TOP1_NOT_TRUE_LOCALIZATION_CORRECTNESS,STABILITY_DIAGNOSTIC_ONLY,AVAILABLE_FROM_SINGLE_RETRIEVAL,top1_similarity,1.0,1.0,27972,27972,1537,0.05494780494780495,0.05494780494780495,1.0,0.013937585055828094,DESCRIPTIVE_OBSERVED_QUANTILE_NOT_DEPLOYMENT_CALIBRATED
CORRUPTION_TOP1_IDENTITY_STABILITY,blur_strong,CORRUPTED_TOP1_EQUALS_CLEAN_TOP1_NOT_TRUE_LOCALIZATION_CORRECTNESS,STABILITY_DIAGNOSTIC_ONLY,AVAILABLE_FROM_SINGLE_RETRIEVAL,top1_similarity,0.5,0.5,13986,27972,603,0.043114543114543116,0.05494780494780495,0.7846454131424854,0.5051198601722717,DESCRIPTIVE_OBSERVED_QUANTILE_NOT_DEPLOYMENT_CALIBRATED
CORRUPTION_TOP1_IDENTITY_STABILITY,blur_strong,CORRUPTED_TOP1_EQUALS_CLEAN_TOP1_NOT_TRUE_LOCALIZATION_CORRECTNESS,STABILITY_DIAGNOSTIC_ONLY,AVAILABLE_FROM_SINGLE_RETRIEVAL,top1_similarity,0.25,0.25,6993,27972,222,0.031746031746031744,0.05494780494780495,0.5777488614183474,0.6198232173919678,DESCRIPTIVE_OBSERVED_QUANTILE_NOT_DEPLOYMENT_CALIBRATED
CORRUPTION_TOP1_IDENTITY_STABILITY,blur_strong,CORRUPTED_TOP1_EQUALS_CLEAN_TOP1_NOT_TRUE_LOCALIZATION_CORRECTNESS,STABILITY_DIAGNOSTIC_ONLY,AVAILABLE_FROM_SINGLE_RETRIEVAL,top1_similarity,0.09999284999284999,0.1,2797,27972,75,0.026814444047193423,0.05494780494780495,0.4879984573117075,0.7095593214035034,DESCRIPTIVE_OBSERVED_QUANTILE_NOT_DEPLOYMENT_CALIBRATED
CORRUPTION_TOP1_IDENTITY_STABILITY,blur_strong,CORRUPTED_TOP1_EQUALS_CLEAN_TOP1_NOT_TRUE_LOCALIZATION_CORRECTNESS,STABILITY_DIAGNOSTIC_ONLY,AVAILABLE_FROM_SINGLE_RETRIEVAL,top1_similarity,0.05001430001430002,0.05,1399,27972,36,0.02573266619013581,0.05494780494780495,0.4683110856671951,0.7535982131958008,DESCRIPTIVE_OBSERVED_QUANTILE_NOT_DEPLOYMENT_CALIBRATED
CORRUPTION_TOP1_IDENTITY_STABILITY,blur_strong,CORRUPTED_TOP1_EQUALS_CLEAN_TOP1_NOT_TRUE_LOCALIZATION_CORRECTNESS,STABILITY_DIAGNOSTIC_ONLY,AVAILABLE_FROM_SINGLE_RETRIEVAL,top1_similarity,0.019984269984269984,0.02,559,27972,9,0.016100178890876567,0.05494780494780495,0.2930085907193229,0.797376811504364,DESCRIPTIVE_OBSERVED_QUANTILE_NOT_DEPLOYMENT_CALIBRATED
CORRUPTION_TOP1_IDENTITY_STABILITY,blur_strong,CORRUPTED_TOP1_EQUALS_CLEAN_TOP1_NOT_TRUE_LOCALIZATION_CORRECTNESS,STABILITY_DIAGNOSTIC_ONLY,AVAILABLE_FROM_SINGLE_RETRIEVAL,top1_similarity,0.01001001001001001,0.01,280,27972,2,0.007142857142857143,0.05494780494780495,0.12999349381912817,0.8216244578361511,DESCRIPTIVE_OBSERVED_QUANTILE_NOT_DEPLOYMENT_CALIBRATED
CORRUPTION_TOP1_IDENTITY_STABILITY,blur_strong,CORRUPTED_TOP1_EQUALS_CLEAN_TOP1_NOT_TRUE_LOCALIZATION_CORRECTNESS,STABILITY_DIAGNOSTIC_ONLY,AVAILABLE_FROM_SINGLE_RETRIEVAL,top1_top2_margin,1.0,1.0,27972,27972,1537,0.05494780494780495,0.05494780494780495,1.0,4.76837158203125e-06,DESCRIPTIVE_OBSERVED_QUANTILE_NOT_DEPLOYMENT_CALIBRATED
CORRUPTION_TOP1_IDENTITY_STABILITY,blur_strong,CORRUPTED_TOP1_EQUALS_CLEAN_TOP1_NOT_TRUE_LOCALIZATION_CORRECTNESS,STABILITY_DIAGNOSTIC_ONLY,AVAILABLE_FROM_SINGLE_RETRIEVAL,top1_top2_margin,0.5,0.5,13986,27972,1102,0.0787930787930788,0.05494780494780495,1.4339622641509435,0.011739790439605713,DESCRIPTIVE_OBSERVED_QUANTILE_NOT_DEPLOYMENT_CALIBRATED
CORRUPTION_TOP1_IDENTITY_STABILITY,blur_strong,CORRUPTED_TOP1_EQUALS_CLEAN_TOP1_NOT_TRUE_LOCALIZATION_CORRECTNESS,STABILITY_DIAGNOSTIC_ONLY,AVAILABLE_FROM_SINGLE_RETRIEVAL,top1_top2_margin,0.25,0.25,6993,27972,791,0.11311311311311312,0.05494780494780495,2.058555627846454,0.023799538612365723,DESCRIPTIVE_OBSERVED_QUANTILE_NOT_DEPLOYMENT_CALIBRATED
CORRUPTION_TOP1_IDENTITY_STABILITY,blur_strong,CORRUPTED_TOP1_EQUALS_CLEAN_TOP1_NOT_TRUE_LOCALIZATION_CORRECTNESS,STABILITY_DIAGNOSTIC_ONLY,AVAILABLE_FROM_SINGLE_RETRIEVAL,top1_top2_margin,0.09999284999284999,0.1,2797,27972,471,0.16839470861637468,0.05494780494780495,3.0646303119175227,0.04179263114929199,DESCRIPTIVE_OBSERVED_QUANTILE_NOT_DEPLOYMENT_CALIBRATED
CORRUPTION_TOP1_IDENTITY_STABILITY,blur_strong,CORRUPTED_TOP1_EQUALS_CLEAN_TOP1_NOT_TRUE_LOCALIZATION_CORRECTNESS,STABILITY_DIAGNOSTIC_ONLY,AVAILABLE_FROM_SINGLE_RETRIEVAL,top1_top2_margin,0.05001430001430002,0.05,1399,27972,336,0.24017155110793423,0.05494780494780495,4.370903466227154,0.058905601501464844,DESCRIPTIVE_OBSERVED_QUANTILE_NOT_DEPLOYMENT_CALIBRATED
CORRUPTION_TOP1_IDENTITY_STABILITY,blur_strong,CORRUPTED_TOP1_EQUALS_CLEAN_TOP1_NOT_TRUE_LOCALIZATION_CORRECTNESS,STABILITY_DIAGNOSTIC_ONLY,AVAILABLE_FROM_SINGLE_RETRIEVAL,top1_top2_margin,0.019984269984269984,0.02,559,27972,198,0.3542039355992844,0.05494780494780495,6.4461889958251035,0.07951486110687256,DESCRIPTIVE_OBSERVED_QUANTILE_NOT_DEPLOYMENT_CALIBRATED
CORRUPTION_TOP1_IDENTITY_STABILITY,blur_strong,CORRUPTED_TOP1_EQUALS_CLEAN_TOP1_NOT_TRUE_LOCALIZATION_CORRECTNESS,STABILITY_DIAGNOSTIC_ONLY,AVAILABLE_FROM_SINGLE_RETRIEVAL,top1_top2_margin,0.01001001001001001,0.01,280,27972,114,0.40714285714285714,0.05494780494780495,7.409629147690306,0.09309607744216919,DESCRIPTIVE_OBSERVED_QUANTILE_NOT_DEPLOYMENT_CALIBRATED
CORRUPTION_TOP1_IDENTITY_STABILITY,blur_strong,CORRUPTED_TOP1_EQUALS_CLEAN_TOP1_NOT_TRUE_LOCALIZATION_CORRECTNESS,PAIRED_DIAGNOSTIC_ONLY,NOT_AVAILABLE_FOR_SINGLE_QUERY_DEPLOYMENT_REQUIRES_PAIRED_CLEAN_REFERENCE,clean_corrupted_descriptor_cosine,1.0,1.0,27972,27972,1537,0.05494780494780495,0.05494780494780495,1.0,-0.2144315242767334,DESCRIPTIVE_OBSERVED_QUANTILE_NOT_DEPLOYMENT_CALIBRATED
CORRUPTION_TOP1_IDENTITY_STABILITY,blur_strong,CORRUPTED_TOP1_EQUALS_CLEAN_TOP1_NOT_TRUE_LOCALIZATION_CORRECTNESS,PAIRED_DIAGNOSTIC_ONLY,NOT_AVAILABLE_FOR_SINGLE_QUERY_DEPLOYMENT_REQUIRES_PAIRED_CLEAN_REFERENCE,clean_corrupted_descriptor_cosine,0.5,0.5,13986,27972,1397,0.09988559988559989,0.05494780494780495,1.8178269355888095,0.37118417024612427,DESCRIPTIVE_OBSERVED_QUANTILE_NOT_DEPLOYMENT_CALIBRATED
CORRUPTION_TOP1_IDENTITY_STABILITY,blur_strong,CORRUPTED_TOP1_EQUALS_CLEAN_TOP1_NOT_TRUE_LOCALIZATION_CORRECTNESS,PAIRED_DIAGNOSTIC_ONLY,NOT_AVAILABLE_FOR_SINGLE_QUERY_DEPLOYMENT_REQUIRES_PAIRED_CLEAN_REFERENCE,clean_corrupted_descriptor_cosine,0.25,0.25,6993,27972,1132,0.16187616187616188,0.05494780494780495,2.945998698763826,0.5315313339233398,DESCRIPTIVE_OBSERVED_QUANTILE_NOT_DEPLOYMENT_CALIBRATED
CORRUPTION_TOP1_IDENTITY_STABILITY,blur_strong,CORRUPTED_TOP1_EQUALS_CLEAN_TOP1_NOT_TRUE_LOCALIZATION_CORRECTNESS,PAIRED_DIAGNOSTIC_ONLY,NOT_AVAILABLE_FOR_SINGLE_QUERY_DEPLOYMENT_REQUIRES_PAIRED_CLEAN_REFERENCE,clean_corrupted_descriptor_cosine,0.09999284999284999,0.1,2797,27972,680,0.24311762602788703,0.05494780494780495,4.424519346292814,0.6698361039161682,DESCRIPTIVE_OBSERVED_QUANTILE_NOT_DEPLOYMENT_CALIBRATED
CORRUPTION_TOP1_IDENTITY_STABILITY,blur_strong,CORRUPTED_TOP1_EQUALS_CLEAN_TOP1_NOT_TRUE_LOCALIZATION_CORRECTNESS,PAIRED_DIAGNOSTIC_ONLY,NOT_AVAILABLE_FOR_SINGLE_QUERY_DEPLOYMENT_REQUIRES_PAIRED_CLEAN_REFERENCE,clean_corrupted_descriptor_cosine,0.05001430001430002,0.05,1399,27972,422,0.30164403145103647,0.05494780494780495,5.48964661532101,0.7348519563674927,DESCRIPTIVE_OBSERVED_QUANTILE_NOT_DEPLOYMENT_CALIBRATED
CORRUPTION_TOP1_IDENTITY_STABILITY,blur_strong,CORRUPTED_TOP1_EQUALS_CLEAN_TOP1_NOT_TRUE_LOCALIZATION_CORRECTNESS,PAIRED_DIAGNOSTIC_ONLY,NOT_AVAILABLE_FOR_SINGLE_QUERY_DEPLOYMENT_REQUIRES_PAIRED_CLEAN_REFERENCE,clean_corrupted_descriptor_cosine,0.019984269984269984,0.02,559,27972,207,0.370304114490161,0.05494780494780495,6.739197586544426,0.7941781878471375,DESCRIPTIVE_OBSERVED_QUANTILE_NOT_DEPLOYMENT_CALIBRATED
CORRUPTION_TOP1_IDENTITY_STABILITY,blur_strong,CORRUPTED_TOP1_EQUALS_CLEAN_TOP1_NOT_TRUE_LOCALIZATION_CORRECTNESS,PAIRED_DIAGNOSTIC_ONLY,NOT_AVAILABLE_FOR_SINGLE_QUERY_DEPLOYMENT_REQUIRES_PAIRED_CLEAN_REFERENCE,clean_corrupted_descriptor_cosine,0.01001001001001001,0.01,280,27972,114,0.40714285714285714,0.05494780494780495,7.409629147690306,0.8351557850837708,DESCRIPTIVE_OBSERVED_QUANTILE_NOT_DEPLOYMENT_CALIBRATED
CORRUPTION_TOP1_IDENTITY_STABILITY,brightness_mild,CORRUPTED_TOP1_EQUALS_CLEAN_TOP1_NOT_TRUE_LOCALIZATION_CORRECTNESS,STABILITY_DIAGNOSTIC_ONLY,AVAILABLE_FROM_SINGLE_RETRIEVAL,top1_similarity,1.0,1.0,27972,27972,4904,0.1753181753181753,0.1753181753181753,1.0,0.10758505016565323,DESCRIPTIVE_OBSERVED_QUANTILE_NOT_DEPLOYMENT_CALIBRATED
CORRUPTION_TOP1_IDENTITY_STABILITY,brightness_mild,CORRUPTED_TOP1_EQUALS_CLEAN_TOP1_NOT_TRUE_LOCALIZATION_CORRECTNESS,STABILITY_DIAGNOSTIC_ONLY,AVAILABLE_FROM_SINGLE_RETRIEVAL,top1_similarity,0.5,0.5,13986,27972,2500,0.17875017875017876,0.1753181753181753,1.0195758564437196,0.6936796307563782,DESCRIPTIVE_OBSERVED_QUANTILE_NOT_DEPLOYMENT_CALIBRATED
CORRUPTION_TOP1_IDENTITY_STABILITY,brightness_mild,CORRUPTED_TOP1_EQUALS_CLEAN_TOP1_NOT_TRUE_LOCALIZATION_CORRECTNESS,STABILITY_DIAGNOSTIC_ONLY,AVAILABLE_FROM_SINGLE_RETRIEVAL,top1_similarity,0.25,0.25,6993,27972,1259,0.18003718003718003,0.1753181753181753,1.026916802610114,0.775199294090271,DESCRIPTIVE_OBSERVED_QUANTILE_NOT_DEPLOYMENT_CALIBRATED
CORRUPTION_TOP1_IDENTITY_STABILITY,brightness_mild,CORRUPTED_TOP1_EQUALS_CLEAN_TOP1_NOT_TRUE_LOCALIZATION_CORRECTNESS,STABILITY_DIAGNOSTIC_ONLY,AVAILABLE_FROM_SINGLE_RETRIEVAL,top1_similarity,0.09999284999284999,0.1,2797,27972,502,0.1794780121558813,0.1753181753181753,1.023727356448677,0.8328765630722046,DESCRIPTIVE_OBSERVED_QUANTILE_NOT_DEPLOYMENT_CALIBRATED
CORRUPTION_TOP1_IDENTITY_STABILITY,brightness_mild,CORRUPTED_TOP1_EQUALS_CLEAN_TOP1_NOT_TRUE_LOCALIZATION_CORRECTNESS,STABILITY_DIAGNOSTIC_ONLY,AVAILABLE_FROM_SINGLE_RETRIEVAL,top1_similarity,0.05001430001430002,0.05,1399,27972,253,0.18084345961401,0.1753181753181753,1.0315157529206949,0.8604922890663147,DESCRIPTIVE_OBSERVED_QUANTILE_NOT_DEPLOYMENT_CALIBRATED
CORRUPTION_TOP1_IDENTITY_STABILITY,brightness_mild,CORRUPTED_TOP1_EQUALS_CLEAN_TOP1_NOT_TRUE_LOCALIZATION_CORRECTNESS,STABILITY_DIAGNOSTIC_ONLY,AVAILABLE_FROM_SINGLE_RETRIEVAL,top1_similarity,0.019984269984269984,0.02,559,27972,108,0.19320214669051877,0.1753181753181753,1.1020086556336035,0.8856804370880127,DESCRIPTIVE_OBSERVED_QUANTILE_NOT_DEPLOYMENT_CALIBRATED
CORRUPTION_TOP1_IDENTITY_STABILITY,brightness_mild,CORRUPTED_TOP1_EQUALS_CLEAN_TOP1_NOT_TRUE_LOCALIZATION_CORRECTNESS,STABILITY_DIAGNOSTIC_ONLY,AVAILABLE_FROM_SINGLE_RETRIEVAL,top1_similarity,0.01001001001001001,0.01,280,27972,63,0.225,0.1753181753181753,1.2833809135399674,0.8994707465171814,DESCRIPTIVE_OBSERVED_QUANTILE_NOT_DEPLOYMENT_CALIBRATED
CORRUPTION_TOP1_IDENTITY_STABILITY,brightness_mild,CORRUPTED_TOP1_EQUALS_CLEAN_TOP1_NOT_TRUE_LOCALIZATION_CORRECTNESS,STABILITY_DIAGNOSTIC_ONLY,AVAILABLE_FROM_SINGLE_RETRIEVAL,top1_top2_margin,1.0,1.0,27972,27972,4904,0.1753181753181753,0.1753181753181753,1.0,5.960464477539063e-08,DESCRIPTIVE_OBSERVED_QUANTILE_NOT_DEPLOYMENT_CALIBRATED
CORRUPTION_TOP1_IDENTITY_STABILITY,brightness_mild,CORRUPTED_TOP1_EQUALS_CLEAN_TOP1_NOT_TRUE_LOCALIZATION_CORRECTNESS,STABILITY_DIAGNOSTIC_ONLY,AVAILABLE_FROM_SINGLE_RETRIEVAL,top1_top2_margin,0.5,0.5,13986,27972,3375,0.2413127413127413,0.1753181753181753,1.3764274061990212,0.010593593120574951,DESCRIPTIVE_OBSERVED_QUANTILE_NOT_DEPLOYMENT_CALIBRATED
CORRUPTION_TOP1_IDENTITY_STABILITY,brightness_mild,CORRUPTED_TOP1_EQUALS_CLEAN_TOP1_NOT_TRUE_LOCALIZATION_CORRECTNESS,STABILITY_DIAGNOSTIC_ONLY,AVAILABLE_FROM_SINGLE_RETRIEVAL,top1_top2_margin,0.25,0.25,6993,27972,2128,0.30430430430430433,0.1753181753181753,1.735725938009788,0.022189587354660034,DESCRIPTIVE_OBSERVED_QUANTILE_NOT_DEPLOYMENT_CALIBRATED
CORRUPTION_TOP1_IDENTITY_STABILITY,brightness_mild,CORRUPTED_TOP1_EQUALS_CLEAN_TOP1_NOT_TRUE_LOCALIZATION_CORRECTNESS,STABILITY_DIAGNOSTIC_ONLY,AVAILABLE_FROM_SINGLE_RETRIEVAL,top1_top2_margin,0.09999284999284999,0.1,2797,27972,1000,0.3575259206292456,0.1753181753181753,2.0392975228061294,0.039302289485931396,DESCRIPTIVE_OBSERVED_QUANTILE_NOT_DEPLOYMENT_CALIBRATED
CORRUPTION_TOP1_IDENTITY_STABILITY,brightness_mild,CORRUPTED_TOP1_EQUALS_CLEAN_TOP1_NOT_TRUE_LOCALIZATION_CORRECTNESS,STABILITY_DIAGNOSTIC_ONLY,AVAILABLE_FROM_SINGLE_RETRIEVAL,top1_top2_margin,0.05001430001430002,0.05,1399,27972,484,0.3459614010007148,0.1753181753181753,1.9733344838482862,0.05475348234176636,DESCRIPTIVE_OBSERVED_QUANTILE_NOT_DEPLOYMENT_CALIBRATED
CORRUPTION_TOP1_IDENTITY_STABILITY,brightness_mild,CORRUPTED_TOP1_EQUALS_CLEAN_TOP1_NOT_TRUE_LOCALIZATION_CORRECTNESS,STABILITY_DIAGNOSTIC_ONLY,AVAILABLE_FROM_SINGLE_RETRIEVAL,top1_top2_margin,0.019984269984269984,0.02,559,27972,170,0.3041144901610018,0.1753181753181753,1.7346432542380796,0.07816630601882935,DESCRIPTIVE_OBSERVED_QUANTILE_NOT_DEPLOYMENT_CALIBRATED
CORRUPTION_TOP1_IDENTITY_STABILITY,brightness_mild,CORRUPTED_TOP1_EQUALS_CLEAN_TOP1_NOT_TRUE_LOCALIZATION_CORRECTNESS,STABILITY_DIAGNOSTIC_ONLY,AVAILABLE_FROM_SINGLE_RETRIEVAL,top1_top2_margin,0.01001001001001001,0.01,280,27972,94,0.3357142857142857,0.1753181753181753,1.9148858075040782,0.09609973430633545,DESCRIPTIVE_OBSERVED_QUANTILE_NOT_DEPLOYMENT_CALIBRATED
CORRUPTION_TOP1_IDENTITY_STABILITY,brightness_mild,CORRUPTED_TOP1_EQUALS_CLEAN_TOP1_NOT_TRUE_LOCALIZATION_CORRECTNESS,PAIRED_DIAGNOSTIC_ONLY,NOT_AVAILABLE_FOR_SINGLE_QUERY_DEPLOYMENT_REQUIRES_PAIRED_CLEAN_REFERENCE,clean_corrupted_descriptor_cosine,1.0,1.0,27972,27972,4904,0.1753181753181753,0.1753181753181753,1.0,-0.20102764666080475,DESCRIPTIVE_OBSERVED_QUANTILE_NOT_DEPLOYMENT_CALIBRATED
CORRUPTION_TOP1_IDENTITY_STABILITY,brightness_mild,CORRUPTED_TOP1_EQUALS_CLEAN_TOP1_NOT_TRUE_LOCALIZATION_CORRECTNESS,PAIRED_DIAGNOSTIC_ONLY,NOT_AVAILABLE_FOR_SINGLE_QUERY_DEPLOYMENT_REQUIRES_PAIRED_CLEAN_REFERENCE,clean_corrupted_descriptor_cosine,0.5,0.5,13986,27972,4416,0.3157443157443157,0.1753181753181753,1.8009787928221859,0.7411066889762878,DESCRIPTIVE_OBSERVED_QUANTILE_NOT_DEPLOYMENT_CALIBRATED
CORRUPTION_TOP1_IDENTITY_STABILITY,brightness_mild,CORRUPTED_TOP1_EQUALS_CLEAN_TOP1_NOT_TRUE_LOCALIZATION_CORRECTNESS,PAIRED_DIAGNOSTIC_ONLY,NOT_AVAILABLE_FOR_SINGLE_QUERY_DEPLOYMENT_REQUIRES_PAIRED_CLEAN_REFERENCE,clean_corrupted_descriptor_cosine,0.25,0.25,6993,27972,3198,0.4573144573144573,0.1753181753181753,2.6084828711256116,0.9135435223579407,DESCRIPTIVE_OBSERVED_QUANTILE_NOT_DEPLOYMENT_CALIBRATED
CORRUPTION_TOP1_IDENTITY_STABILITY,brightness_mild,CORRUPTED_TOP1_EQUALS_CLEAN_TOP1_NOT_TRUE_LOCALIZATION_CORRECTNESS,PAIRED_DIAGNOSTIC_ONLY,NOT_AVAILABLE_FOR_SINGLE_QUERY_DEPLOYMENT_REQUIRES_PAIRED_CLEAN_REFERENCE,clean_corrupted_descriptor_cosine,0.09999284999284999,0.1,2797,27972,1629,0.5824097247050412,0.1753181753181753,3.322015664651185,0.9572663307189941,DESCRIPTIVE_OBSERVED_QUANTILE_NOT_DEPLOYMENT_CALIBRATED
CORRUPTION_TOP1_IDENTITY_STABILITY,brightness_mild,CORRUPTED_TOP1_EQUALS_CLEAN_TOP1_NOT_TRUE_LOCALIZATION_CORRECTNESS,PAIRED_DIAGNOSTIC_ONLY,NOT_AVAILABLE_FOR_SINGLE_QUERY_DEPLOYMENT_REQUIRES_PAIRED_CLEAN_REFERENCE,clean_corrupted_descriptor_cosine,0.05001430001430002,0.05,1399,27972,903,0.6454610436025733,0.1753181753181753,3.6816550390805833,0.9686957597732544,DESCRIPTIVE_OBSERVED_QUANTILE_NOT_DEPLOYMENT_CALIBRATED
CORRUPTION_TOP1_IDENTITY_STABILITY,brightness_mild,CORRUPTED_TOP1_EQUALS_CLEAN_TOP1_NOT_TRUE_LOCALIZATION_CORRECTNESS,PAIRED_DIAGNOSTIC_ONLY,NOT_AVAILABLE_FOR_SINGLE_QUERY_DEPLOYMENT_REQUIRES_PAIRED_CLEAN_REFERENCE,clean_corrupted_descriptor_cosine,0.019984269984269984,0.02,559,27972,379,0.6779964221824687,0.1753181753181753,3.8672340785660717,0.9781323671340942,DESCRIPTIVE_OBSERVED_QUANTILE_NOT_DEPLOYMENT_CALIBRATED
CORRUPTION_TOP1_IDENTITY_STABILITY,brightness_mild,CORRUPTED_TOP1_EQUALS_CLEAN_TOP1_NOT_TRUE_LOCALIZATION_CORRECTNESS,PAIRED_DIAGNOSTIC_ONLY,NOT_AVAILABLE_FOR_SINGLE_QUERY_DEPLOYMENT_REQUIRES_PAIRED_CLEAN_REFERENCE,clean_corrupted_descriptor_cosine,0.01001001001001001,0.01,280,27972,210,0.75,0.1753181753181753,4.277936378466558,0.981092095375061,DESCRIPTIVE_OBSERVED_QUANTILE_NOT_DEPLOYMENT_CALIBRATED
CORRUPTION_TOP1_IDENTITY_STABILITY,brightness_strong,CORRUPTED_TOP1_EQUALS_CLEAN_TOP1_NOT_TRUE_LOCALIZATION_CORRECTNESS,STABILITY_DIAGNOSTIC_ONLY,AVAILABLE_FROM_SINGLE_RETRIEVAL,top1_similarity,1.0,1.0,27972,27972,640,0.02288002288002288,0.02288002288002288,1.0,0.13419678807258606,DESCRIPTIVE_OBSERVED_QUANTILE_NOT_DEPLOYMENT_CALIBRATED
CORRUPTION_TOP1_IDENTITY_STABILITY,brightness_strong,CORRUPTED_TOP1_EQUALS_CLEAN_TOP1_NOT_TRUE_LOCALIZATION_CORRECTNESS,STABILITY_DIAGNOSTIC_ONLY,AVAILABLE_FROM_SINGLE_RETRIEVAL,top1_similarity,0.5,0.5,13986,27972,340,0.02431002431002431,0.02288002288002288,1.0625,0.5422778129577637,DESCRIPTIVE_OBSERVED_QUANTILE_NOT_DEPLOYMENT_CALIBRATED
CORRUPTION_TOP1_IDENTITY_STABILITY,brightness_strong,CORRUPTED_TOP1_EQUALS_CLEAN_TOP1_NOT_TRUE_LOCALIZATION_CORRECTNESS,STABILITY_DIAGNOSTIC_ONLY,AVAILABLE_FROM_SINGLE_RETRIEVAL,top1_similarity,0.25,0.25,6993,27972,196,0.028028028028028028,0.02288002288002288,1.2249999999999999,0.6813246011734009,DESCRIPTIVE_OBSERVED_QUANTILE_NOT_DEPLOYMENT_CALIBRATED
CORRUPTION_TOP1_IDENTITY_STABILITY,brightness_strong,CORRUPTED_TOP1_EQUALS_CLEAN_TOP1_NOT_TRUE_LOCALIZATION_CORRECTNESS,STABILITY_DIAGNOSTIC_ONLY,AVAILABLE_FROM_SINGLE_RETRIEVAL,top1_similarity,0.09999284999284999,0.1,2797,27972,86,0.030747229174115123,0.02288002288002288,1.343846085091169,0.7829098105430603,DESCRIPTIVE_OBSERVED_QUANTILE_NOT_DEPLOYMENT_CALIBRATED
CORRUPTION_TOP1_IDENTITY_STABILITY,brightness_strong,CORRUPTED_TOP1_EQUALS_CLEAN_TOP1_NOT_TRUE_LOCALIZATION_CORRECTNESS,STABILITY_DIAGNOSTIC_ONLY,AVAILABLE_FROM_SINGLE_RETRIEVAL,top1_similarity,0.05001430001430002,0.05,1399,27972,49,0.035025017869907075,0.02288002288002288,1.530812187276626,0.8242900371551514,DESCRIPTIVE_OBSERVED_QUANTILE_NOT_DEPLOYMENT_CALIBRATED
CORRUPTION_TOP1_IDENTITY_STABILITY,brightness_strong,CORRUPTED_TOP1_EQUALS_CLEAN_TOP1_NOT_TRUE_LOCALIZATION_CORRECTNESS,STABILITY_DIAGNOSTIC_ONLY,AVAILABLE_FROM_SINGLE_RETRIEVAL,top1_similarity,0.019984269984269984,0.02,559,27972,23,0.04114490161001789,0.02288002288002288,1.7982893559928443,0.8563964366912842,DESCRIPTIVE_OBSERVED_QUANTILE_NOT_DEPLOYMENT_CALIBRATED
CORRUPTION_TOP1_IDENTITY_STABILITY,brightness_strong,CORRUPTED_TOP1_EQUALS_CLEAN_TOP1_NOT_TRUE_LOCALIZATION_CORRECTNESS,STABILITY_DIAGNOSTIC_ONLY,AVAILABLE_FROM_SINGLE_RETRIEVAL,top1_similarity,0.01001001001001001,0.01,280,27972,10,0.03571428571428571,0.02288002288002288,1.5609374999999999,0.876055896282196,DESCRIPTIVE_OBSERVED_QUANTILE_NOT_DEPLOYMENT_CALIBRATED
CORRUPTION_TOP1_IDENTITY_STABILITY,brightness_strong,CORRUPTED_TOP1_EQUALS_CLEAN_TOP1_NOT_TRUE_LOCALIZATION_CORRECTNESS,STABILITY_DIAGNOSTIC_ONLY,AVAILABLE_FROM_SINGLE_RETRIEVAL,top1_top2_margin,1.0,1.0,27972,27972,640,0.02288002288002288,0.02288002288002288,1.0,1.043081283569336e-06,DESCRIPTIVE_OBSERVED_QUANTILE_NOT_DEPLOYMENT_CALIBRATED
CORRUPTION_TOP1_IDENTITY_STABILITY,brightness_strong,CORRUPTED_TOP1_EQUALS_CLEAN_TOP1_NOT_TRUE_LOCALIZATION_CORRECTNESS,STABILITY_DIAGNOSTIC_ONLY,AVAILABLE_FROM_SINGLE_RETRIEVAL,top1_top2_margin,0.5,0.5,13986,27972,468,0.03346203346203346,0.02288002288002288,1.4625,0.008973747491836548,DESCRIPTIVE_OBSERVED_QUANTILE_NOT_DEPLOYMENT_CALIBRATED
CORRUPTION_TOP1_IDENTITY_STABILITY,brightness_strong,CORRUPTED_TOP1_EQUALS_CLEAN_TOP1_NOT_TRUE_LOCALIZATION_CORRECTNESS,STABILITY_DIAGNOSTIC_ONLY,AVAILABLE_FROM_SINGLE_RETRIEVAL,top1_top2_margin,0.25,0.25,6993,27972,333,0.047619047619047616,0.02288002288002288,2.08125,0.019011974334716797,DESCRIPTIVE_OBSERVED_QUANTILE_NOT_DEPLOYMENT_CALIBRATED
CORRUPTION_TOP1_IDENTITY_STABILITY,brightness_strong,CORRUPTED_TOP1_EQUALS_CLEAN_TOP1_NOT_TRUE_LOCALIZATION_CORRECTNESS,STABILITY_DIAGNOSTIC_ONLY,AVAILABLE_FROM_SINGLE_RETRIEVAL,top1_top2_margin,0.09999284999284999,0.1,2797,27972,181,0.06471219163389345,0.02288002288002288,2.828327225598856,0.03496500849723816,DESCRIPTIVE_OBSERVED_QUANTILE_NOT_DEPLOYMENT_CALIBRATED
CORRUPTION_TOP1_IDENTITY_STABILITY,brightness_strong,CORRUPTED_TOP1_EQUALS_CLEAN_TOP1_NOT_TRUE_LOCALIZATION_CORRECTNESS,STABILITY_DIAGNOSTIC_ONLY,AVAILABLE_FROM_SINGLE_RETRIEVAL,top1_top2_margin,0.05001430001430002,0.05,1399,27972,92,0.06576125804145819,0.02288002288002288,2.874177984274482,0.04898136854171753,DESCRIPTIVE_OBSERVED_QUANTILE_NOT_DEPLOYMENT_CALIBRATED
CORRUPTION_TOP1_IDENTITY_STABILITY,brightness_strong,CORRUPTED_TOP1_EQUALS_CLEAN_TOP1_NOT_TRUE_LOCALIZATION_CORRECTNESS,STABILITY_DIAGNOSTIC_ONLY,AVAILABLE_FROM_SINGLE_RETRIEVAL,top1_top2_margin,0.019984269984269984,0.02,559,27972,42,0.07513416815742398,0.02288002288002288,3.2838327370304117,0.07341057062149048,DESCRIPTIVE_OBSERVED_QUANTILE_NOT_DEPLOYMENT_CALIBRATED
CORRUPTION_TOP1_IDENTITY_STABILITY,brightness_strong,CORRUPTED_TOP1_EQUALS_CLEAN_TOP1_NOT_TRUE_LOCALIZATION_CORRECTNESS,STABILITY_DIAGNOSTIC_ONLY,AVAILABLE_FROM_SINGLE_RETRIEVAL,top1_top2_margin,0.01001001001001001,0.01,280,27972,24,0.08571428571428572,0.02288002288002288,3.74625,0.09183347225189209,DESCRIPTIVE_OBSERVED_QUANTILE_NOT_DEPLOYMENT_CALIBRATED
CORRUPTION_TOP1_IDENTITY_STABILITY,brightness_strong,CORRUPTED_TOP1_EQUALS_CLEAN_TOP1_NOT_TRUE_LOCALIZATION_CORRECTNESS,PAIRED_DIAGNOSTIC_ONLY,NOT_AVAILABLE_FOR_SINGLE_QUERY_DEPLOYMENT_REQUIRES_PAIRED_CLEAN_REFERENCE,clean_corrupted_descriptor_cosine,1.0,1.0,27972,27972,640,0.02288002288002288,0.02288002288002288,1.0,-0.29382020235061646,DESCRIPTIVE_OBSERVED_QUANTILE_NOT_DEPLOYMENT_CALIBRATED
CORRUPTION_TOP1_IDENTITY_STABILITY,brightness_strong,CORRUPTED_TOP1_EQUALS_CLEAN_TOP1_NOT_TRUE_LOCALIZATION_CORRECTNESS,PAIRED_DIAGNOSTIC_ONLY,NOT_AVAILABLE_FOR_SINGLE_QUERY_DEPLOYMENT_REQUIRES_PAIRED_CLEAN_REFERENCE,clean_corrupted_descriptor_cosine,0.5,0.5,13986,27972,612,0.043758043758043756,0.02288002288002288,1.9124999999999999,0.22921577095985413,DESCRIPTIVE_OBSERVED_QUANTILE_NOT_DEPLOYMENT_CALIBRATED
CORRUPTION_TOP1_IDENTITY_STABILITY,brightness_strong,CORRUPTED_TOP1_EQUALS_CLEAN_TOP1_NOT_TRUE_LOCALIZATION_CORRECTNESS,PAIRED_DIAGNOSTIC_ONLY,NOT_AVAILABLE_FOR_SINGLE_QUERY_DEPLOYMENT_REQUIRES_PAIRED_CLEAN_REFERENCE,clean_corrupted_descriptor_cosine,0.25,0.25,6993,27972,493,0.0704990704990705,0.02288002288002288,3.0812500000000003,0.3721577525138855,DESCRIPTIVE_OBSERVED_QUANTILE_NOT_DEPLOYMENT_CALIBRATED
CORRUPTION_TOP1_IDENTITY_STABILITY,brightness_strong,CORRUPTED_TOP1_EQUALS_CLEAN_TOP1_NOT_TRUE_LOCALIZATION_CORRECTNESS,PAIRED_DIAGNOSTIC_ONLY,NOT_AVAILABLE_FOR_SINGLE_QUERY_DEPLOYMENT_REQUIRES_PAIRED_CLEAN_REFERENCE,clean_corrupted_descriptor_cosine,0.09999284999284999,0.1,2797,27972,371,0.13264211655345012,0.02288002288002288,5.797289506614229,0.5559465289115906,DESCRIPTIVE_OBSERVED_QUANTILE_NOT_DEPLOYMENT_CALIBRATED
CORRUPTION_TOP1_IDENTITY_STABILITY,brightness_strong,CORRUPTED_TOP1_EQUALS_CLEAN_TOP1_NOT_TRUE_LOCALIZATION_CORRECTNESS,PAIRED_DIAGNOSTIC_ONLY,NOT_AVAILABLE_FOR_SINGLE_QUERY_DEPLOYMENT_REQUIRES_PAIRED_CLEAN_REFERENCE,clean_corrupted_descriptor_cosine,0.05001430001430002,0.05,1399,27972,299,0.2137240886347391,0.02288002288002288,9.341078448892066,0.6806578636169434,DESCRIPTIVE_OBSERVED_QUANTILE_NOT_DEPLOYMENT_CALIBRATED
CORRUPTION_TOP1_IDENTITY_STABILITY,brightness_strong,CORRUPTED_TOP1_EQUALS_CLEAN_TOP1_NOT_TRUE_LOCALIZATION_CORRECTNESS,PAIRED_DIAGNOSTIC_ONLY,NOT_AVAILABLE_FOR_SINGLE_QUERY_DEPLOYMENT_REQUIRES_PAIRED_CLEAN_REFERENCE,clean_corrupted_descriptor_cosine,0.019984269984269984,0.02,559,27972,205,0.3667262969588551,0.02288002288002288,16.02823121645796,0.788098156452179,DESCRIPTIVE_OBSERVED_QUANTILE_NOT_DEPLOYMENT_CALIBRATED
CORRUPTION_TOP1_IDENTITY_STABILITY,brightness_strong,CORRUPTED_TOP1_EQUALS_CLEAN_TOP1_NOT_TRUE_LOCALIZATION_CORRECTNESS,PAIRED_DIAGNOSTIC_ONLY,NOT_AVAILABLE_FOR_SINGLE_QUERY_DEPLOYMENT_REQUIRES_PAIRED_CLEAN_REFERENCE,clean_corrupted_descriptor_cosine,0.01001001001001001,0.01,280,27972,130,0.4642857142857143,0.02288002288002288,20.2921875,0.8443211913108826,DESCRIPTIVE_OBSERVED_QUANTILE_NOT_DEPLOYMENT_CALIBRATED
CORRUPTION_TOP1_IDENTITY_STABILITY,contrast_mild,CORRUPTED_TOP1_EQUALS_CLEAN_TOP1_NOT_TRUE_LOCALIZATION_CORRECTNESS,STABILITY_DIAGNOSTIC_ONLY,AVAILABLE_FROM_SINGLE_RETRIEVAL,top1_similarity,1.0,1.0,27972,27972,10283,0.36761761761761763,0.36761761761761763,1.0,-0.006771262735128403,DESCRIPTIVE_OBSERVED_QUANTILE_NOT_DEPLOYMENT_CALIBRATED
CORRUPTION_TOP1_IDENTITY_STABILITY,contrast_mild,CORRUPTED_TOP1_EQUALS_CLEAN_TOP1_NOT_TRUE_LOCALIZATION_CORRECTNESS,STABILITY_DIAGNOSTIC_ONLY,AVAILABLE_FROM_SINGLE_RETRIEVAL,top1_similarity,0.5,0.5,13986,27972,5081,0.3632918632918633,0.36761761761761763,0.9882330059321209,0.7260662317276001,DESCRIPTIVE_OBSERVED_QUANTILE_NOT_DEPLOYMENT_CALIBRATED
CORRUPTION_TOP1_IDENTITY_STABILITY,contrast_mild,CORRUPTED_TOP1_EQUALS_CLEAN_TOP1_NOT_TRUE_LOCALIZATION_CORRECTNESS,STABILITY_DIAGNOSTIC_ONLY,AVAILABLE_FROM_SINGLE_RETRIEVAL,top1_similarity,0.25,0.25,6993,27972,2528,0.3615043615043615,0.36761761761761763,0.9833706116891957,0.7942684888839722,DESCRIPTIVE_OBSERVED_QUANTILE_NOT_DEPLOYMENT_CALIBRATED
CORRUPTION_TOP1_IDENTITY_STABILITY,contrast_mild,CORRUPTED_TOP1_EQUALS_CLEAN_TOP1_NOT_TRUE_LOCALIZATION_CORRECTNESS,STABILITY_DIAGNOSTIC_ONLY,AVAILABLE_FROM_SINGLE_RETRIEVAL,top1_similarity,0.09999284999284999,0.1,2797,27972,1018,0.36396138720057203,0.36761761761761763,0.9900542568097248,0.8433000445365906,DESCRIPTIVE_OBSERVED_QUANTILE_NOT_DEPLOYMENT_CALIBRATED
CORRUPTION_TOP1_IDENTITY_STABILITY,contrast_mild,CORRUPTED_TOP1_EQUALS_CLEAN_TOP1_NOT_TRUE_LOCALIZATION_CORRECTNESS,STABILITY_DIAGNOSTIC_ONLY,AVAILABLE_FROM_SINGLE_RETRIEVAL,top1_similarity,0.05001430001430002,0.05,1399,27972,533,0.38098641887062185,0.36761761761761763,1.0363660516044961,0.8677984476089478,DESCRIPTIVE_OBSERVED_QUANTILE_NOT_DEPLOYMENT_CALIBRATED
CORRUPTION_TOP1_IDENTITY_STABILITY,contrast_mild,CORRUPTED_TOP1_EQUALS_CLEAN_TOP1_NOT_TRUE_LOCALIZATION_CORRECTNESS,STABILITY_DIAGNOSTIC_ONLY,AVAILABLE_FROM_SINGLE_RETRIEVAL,top1_similarity,0.019984269984269984,0.02,559,27972,228,0.407871198568873,0.36761761761761763,1.1094985088367708,0.8918923139572144,DESCRIPTIVE_OBSERVED_QUANTILE_NOT_DEPLOYMENT_CALIBRATED
CORRUPTION_TOP1_IDENTITY_STABILITY,contrast_mild,CORRUPTED_TOP1_EQUALS_CLEAN_TOP1_NOT_TRUE_LOCALIZATION_CORRECTNESS,STABILITY_DIAGNOSTIC_ONLY,AVAILABLE_FROM_SINGLE_RETRIEVAL,top1_similarity,0.01001001001001001,0.01,280,27972,127,0.45357142857142857,0.36761761761761763,1.233813089565302,0.9051999449729919,DESCRIPTIVE_OBSERVED_QUANTILE_NOT_DEPLOYMENT_CALIBRATED
CORRUPTION_TOP1_IDENTITY_STABILITY,contrast_mild,CORRUPTED_TOP1_EQUALS_CLEAN_TOP1_NOT_TRUE_LOCALIZATION_CORRECTNESS,STABILITY_DIAGNOSTIC_ONLY,AVAILABLE_FROM_SINGLE_RETRIEVAL,top1_top2_margin,1.0,1.0,27972,27972,10283,0.36761761761761763,0.36761761761761763,1.0,2.980232238769531e-07,DESCRIPTIVE_OBSERVED_QUANTILE_NOT_DEPLOYMENT_CALIBRATED
CORRUPTION_TOP1_IDENTITY_STABILITY,contrast_mild,CORRUPTED_TOP1_EQUALS_CLEAN_TOP1_NOT_TRUE_LOCALIZATION_CORRECTNESS,STABILITY_DIAGNOSTIC_ONLY,AVAILABLE_FROM_SINGLE_RETRIEVAL,top1_top2_margin,0.5,0.5,13986,27972,6769,0.48398398398398396,0.36761761761761763,1.3165418652144314,0.011868298053741455,DESCRIPTIVE_OBSERVED_QUANTILE_NOT_DEPLOYMENT_CALIBRATED
CORRUPTION_TOP1_IDENTITY_STABILITY,contrast_mild,CORRUPTED_TOP1_EQUALS_CLEAN_TOP1_NOT_TRUE_LOCALIZATION_CORRECTNESS,STABILITY_DIAGNOSTIC_ONLY,AVAILABLE_FROM_SINGLE_RETRIEVAL,top1_top2_margin,0.25,0.25,6993,27972,3999,0.5718575718575719,0.36761761761761763,1.5555771661966353,0.023656070232391357,DESCRIPTIVE_OBSERVED_QUANTILE_NOT_DEPLOYMENT_CALIBRATED
CORRUPTION_TOP1_IDENTITY_STABILITY,contrast_mild,CORRUPTED_TOP1_EQUALS_CLEAN_TOP1_NOT_TRUE_LOCALIZATION_CORRECTNESS,STABILITY_DIAGNOSTIC_ONLY,AVAILABLE_FROM_SINGLE_RETRIEVAL,top1_top2_margin,0.09999284999284999,0.1,2797,27972,1821,0.6510547014658563,0.36761761761761763,1.7710106106586534,0.03882044553756714,DESCRIPTIVE_OBSERVED_QUANTILE_NOT_DEPLOYMENT_CALIBRATED
CORRUPTION_TOP1_IDENTITY_STABILITY,contrast_mild,CORRUPTED_TOP1_EQUALS_CLEAN_TOP1_NOT_TRUE_LOCALIZATION_CORRECTNESS,STABILITY_DIAGNOSTIC_ONLY,AVAILABLE_FROM_SINGLE_RETRIEVAL,top1_top2_margin,0.05001430001430002,0.05,1399,27972,965,0.6897784131522516,0.36761761761761763,1.8763475418355327,0.05038034915924072,DESCRIPTIVE_OBSERVED_QUANTILE_NOT_DEPLOYMENT_CALIBRATED
CORRUPTION_TOP1_IDENTITY_STABILITY,contrast_mild,CORRUPTED_TOP1_EQUALS_CLEAN_TOP1_NOT_TRUE_LOCALIZATION_CORRECTNESS,STABILITY_DIAGNOSTIC_ONLY,AVAILABLE_FROM_SINGLE_RETRIEVAL,top1_top2_margin,0.019984269984269984,0.02,559,27972,400,0.7155635062611807,0.36761761761761763,1.946488611994335,0.06516385078430176,DESCRIPTIVE_OBSERVED_QUANTILE_NOT_DEPLOYMENT_CALIBRATED
CORRUPTION_TOP1_IDENTITY_STABILITY,contrast_mild,CORRUPTED_TOP1_EQUALS_CLEAN_TOP1_NOT_TRUE_LOCALIZATION_CORRECTNESS,STABILITY_DIAGNOSTIC_ONLY,AVAILABLE_FROM_SINGLE_RETRIEVAL,top1_top2_margin,0.01001001001001001,0.01,280,27972,201,0.7178571428571429,0.36761761761761763,1.952727803170281,0.07637876272201538,DESCRIPTIVE_OBSERVED_QUANTILE_NOT_DEPLOYMENT_CALIBRATED
CORRUPTION_TOP1_IDENTITY_STABILITY,contrast_mild,CORRUPTED_TOP1_EQUALS_CLEAN_TOP1_NOT_TRUE_LOCALIZATION_CORRECTNESS,PAIRED_DIAGNOSTIC_ONLY,NOT_AVAILABLE_FOR_SINGLE_QUERY_DEPLOYMENT_REQUIRES_PAIRED_CLEAN_REFERENCE,clean_corrupted_descriptor_cosine,1.0,1.0,27972,27972,10283,0.36761761761761763,0.36761761761761763,1.0,-0.02523767575621605,DESCRIPTIVE_OBSERVED_QUANTILE_NOT_DEPLOYMENT_CALIBRATED
CORRUPTION_TOP1_IDENTITY_STABILITY,contrast_mild,CORRUPTED_TOP1_EQUALS_CLEAN_TOP1_NOT_TRUE_LOCALIZATION_CORRECTNESS,PAIRED_DIAGNOSTIC_ONLY,NOT_AVAILABLE_FOR_SINGLE_QUERY_DEPLOYMENT_REQUIRES_PAIRED_CLEAN_REFERENCE,clean_corrupted_descriptor_cosine,0.5,0.5,13986,27972,7231,0.517017017017017,0.36761761761761763,1.4063989108236894,0.94492506980896,DESCRIPTIVE_OBSERVED_QUANTILE_NOT_DEPLOYMENT_CALIBRATED
CORRUPTION_TOP1_IDENTITY_STABILITY,contrast_mild,CORRUPTED_TOP1_EQUALS_CLEAN_TOP1_NOT_TRUE_LOCALIZATION_CORRECTNESS,PAIRED_DIAGNOSTIC_ONLY,NOT_AVAILABLE_FOR_SINGLE_QUERY_DEPLOYMENT_REQUIRES_PAIRED_CLEAN_REFERENCE,clean_corrupted_descriptor_cosine,0.25,0.25,6993,27972,4195,0.5998855998855999,0.36761761761761763,1.6318195079257025,0.9648253917694092,DESCRIPTIVE_OBSERVED_QUANTILE_NOT_DEPLOYMENT_CALIBRATED
CORRUPTION_TOP1_IDENTITY_STABILITY,contrast_mild,CORRUPTED_TOP1_EQUALS_CLEAN_TOP1_NOT_TRUE_LOCALIZATION_CORRECTNESS,PAIRED_DIAGNOSTIC_ONLY,NOT_AVAILABLE_FOR_SINGLE_QUERY_DEPLOYMENT_REQUIRES_PAIRED_CLEAN_REFERENCE,clean_corrupted_descriptor_cosine,0.09999284999284999,0.1,2797,27972,1865,0.6667858419735431,0.36761761761761763,1.8138027396366767,0.9766332507133484,DESCRIPTIVE_OBSERVED_QUANTILE_NOT_DEPLOYMENT_CALIBRATED
CORRUPTION_TOP1_IDENTITY_STABILITY,contrast_mild,CORRUPTED_TOP1_EQUALS_CLEAN_TOP1_NOT_TRUE_LOCALIZATION_CORRECTNESS,PAIRED_DIAGNOSTIC_ONLY,NOT_AVAILABLE_FOR_SINGLE_QUERY_DEPLOYMENT_REQUIRES_PAIRED_CLEAN_REFERENCE,clean_corrupted_descriptor_cosine,0.05001430001430002,0.05,1399,27972,1002,0.7162258756254467,0.36761761761761763,1.9482904009525426,0.9814379215240479,DESCRIPTIVE_OBSERVED_QUANTILE_NOT_DEPLOYMENT_CALIBRATED
CORRUPTION_TOP1_IDENTITY_STABILITY,contrast_mild,CORRUPTED_TOP1_EQUALS_CLEAN_TOP1_NOT_TRUE_LOCALIZATION_CORRECTNESS,PAIRED_DIAGNOSTIC_ONLY,NOT_AVAILABLE_FOR_SINGLE_QUERY_DEPLOYMENT_REQUIRES_PAIRED_CLEAN_REFERENCE,clean_corrupted_descriptor_cosine,0.019984269984269984,0.02,559,27972,405,0.7245080500894454,0.36761761761761763,1.970819719644264,0.9867701530456543,DESCRIPTIVE_OBSERVED_QUANTILE_NOT_DEPLOYMENT_CALIBRATED
CORRUPTION_TOP1_IDENTITY_STABILITY,contrast_mild,CORRUPTED_TOP1_EQUALS_CLEAN_TOP1_NOT_TRUE_LOCALIZATION_CORRECTNESS,PAIRED_DIAGNOSTIC_ONLY,NOT_AVAILABLE_FOR_SINGLE_QUERY_DEPLOYMENT_REQUIRES_PAIRED_CLEAN_REFERENCE,clean_corrupted_descriptor_cosine,0.01001001001001001,0.01,280,27972,222,0.7928571428571428,0.36761761761761763,2.1567441408149373,0.9888745546340942,DESCRIPTIVE_OBSERVED_QUANTILE_NOT_DEPLOYMENT_CALIBRATED
CORRUPTION_TOP1_IDENTITY_STABILITY,contrast_strong,CORRUPTED_TOP1_EQUALS_CLEAN_TOP1_NOT_TRUE_LOCALIZATION_CORRECTNESS,STABILITY_DIAGNOSTIC_ONLY,AVAILABLE_FROM_SINGLE_RETRIEVAL,top1_similarity,1.0,1.0,27972,27972,3937,0.14074789074789074,0.14074789074789074,1.0,0.21180859208106995,DESCRIPTIVE_OBSERVED_QUANTILE_NOT_DEPLOYMENT_CALIBRATED
CORRUPTION_TOP1_IDENTITY_STABILITY,contrast_strong,CORRUPTED_TOP1_EQUALS_CLEAN_TOP1_NOT_TRUE_LOCALIZATION_CORRECTNESS,STABILITY_DIAGNOSTIC_ONLY,AVAILABLE_FROM_SINGLE_RETRIEVAL,top1_similarity,0.5,0.5,13986,27972,1655,0.11833261833261834,0.14074789074789074,0.840741681483363,0.7484099268913269,DESCRIPTIVE_OBSERVED_QUANTILE_NOT_DEPLOYMENT_CALIBRATED
CORRUPTION_TOP1_IDENTITY_STABILITY,contrast_strong,CORRUPTED_TOP1_EQUALS_CLEAN_TOP1_NOT_TRUE_LOCALIZATION_CORRECTNESS,STABILITY_DIAGNOSTIC_ONLY,AVAILABLE_FROM_SINGLE_RETRIEVAL,top1_similarity,0.25,0.25,6993,27972,775,0.11082511082511083,0.14074789074789074,0.7874015748031498,0.8084620833396912,DESCRIPTIVE_OBSERVED_QUANTILE_NOT_DEPLOYMENT_CALIBRATED
CORRUPTION_TOP1_IDENTITY_STABILITY,contrast_strong,CORRUPTED_TOP1_EQUALS_CLEAN_TOP1_NOT_TRUE_LOCALIZATION_CORRECTNESS,STABILITY_DIAGNOSTIC_ONLY,AVAILABLE_FROM_SINGLE_RETRIEVAL,top1_similarity,0.09999284999284999,0.1,2797,27972,320,0.1144082946013586,0.14074789074789074,0.8128597451331478,0.8491415977478027,DESCRIPTIVE_OBSERVED_QUANTILE_NOT_DEPLOYMENT_CALIBRATED
CORRUPTION_TOP1_IDENTITY_STABILITY,contrast_strong,CORRUPTED_TOP1_EQUALS_CLEAN_TOP1_NOT_TRUE_LOCALIZATION_CORRECTNESS,STABILITY_DIAGNOSTIC_ONLY,AVAILABLE_FROM_SINGLE_RETRIEVAL,top1_similarity,0.05001430001430002,0.05,1399,27972,162,0.11579699785561115,0.14074789074789074,0.8227263459530494,0.8694727420806885,DESCRIPTIVE_OBSERVED_QUANTILE_NOT_DEPLOYMENT_CALIBRATED
CORRUPTION_TOP1_IDENTITY_STABILITY,contrast_strong,CORRUPTED_TOP1_EQUALS_CLEAN_TOP1_NOT_TRUE_LOCALIZATION_CORRECTNESS,STABILITY_DIAGNOSTIC_ONLY,AVAILABLE_FROM_SINGLE_RETRIEVAL,top1_similarity,0.019984269984269984,0.02,559,27972,79,0.1413237924865832,0.14074789074789074,1.0040917255358663,0.8892332315444946,DESCRIPTIVE_OBSERVED_QUANTILE_NOT_DEPLOYMENT_CALIBRATED
CORRUPTION_TOP1_IDENTITY_STABILITY,contrast_strong,CORRUPTED_TOP1_EQUALS_CLEAN_TOP1_NOT_TRUE_LOCALIZATION_CORRECTNESS,STABILITY_DIAGNOSTIC_ONLY,AVAILABLE_FROM_SINGLE_RETRIEVAL,top1_similarity,0.01001001001001001,0.01,280,27972,44,0.15714285714285714,0.14074789074789074,1.116484632969266,0.900989830493927,DESCRIPTIVE_OBSERVED_QUANTILE_NOT_DEPLOYMENT_CALIBRATED
CORRUPTION_TOP1_IDENTITY_STABILITY,contrast_strong,CORRUPTED_TOP1_EQUALS_CLEAN_TOP1_NOT_TRUE_LOCALIZATION_CORRECTNESS,STABILITY_DIAGNOSTIC_ONLY,AVAILABLE_FROM_SINGLE_RETRIEVAL,top1_top2_margin,1.0,1.0,27972,27972,3937,0.14074789074789074,0.14074789074789074,1.0,7.152557373046875e-07,DESCRIPTIVE_OBSERVED_QUANTILE_NOT_DEPLOYMENT_CALIBRATED
CORRUPTION_TOP1_IDENTITY_STABILITY,contrast_strong,CORRUPTED_TOP1_EQUALS_CLEAN_TOP1_NOT_TRUE_LOCALIZATION_CORRECTNESS,STABILITY_DIAGNOSTIC_ONLY,AVAILABLE_FROM_SINGLE_RETRIEVAL,top1_top2_margin,0.5,0.5,13986,27972,2771,0.19812669812669811,0.14074789074789074,1.4076708153416306,0.010803639888763428,DESCRIPTIVE_OBSERVED_QUANTILE_NOT_DEPLOYMENT_CALIBRATED
CORRUPTION_TOP1_IDENTITY_STABILITY,contrast_strong,CORRUPTED_TOP1_EQUALS_CLEAN_TOP1_NOT_TRUE_LOCALIZATION_CORRECTNESS,STABILITY_DIAGNOSTIC_ONLY,AVAILABLE_FROM_SINGLE_RETRIEVAL,top1_top2_margin,0.25,0.25,6993,27972,1845,0.26383526383526384,0.14074789074789074,1.8745237490474984,0.021471381187438965,DESCRIPTIVE_OBSERVED_QUANTILE_NOT_DEPLOYMENT_CALIBRATED
CORRUPTION_TOP1_IDENTITY_STABILITY,contrast_strong,CORRUPTED_TOP1_EQUALS_CLEAN_TOP1_NOT_TRUE_LOCALIZATION_CORRECTNESS,STABILITY_DIAGNOSTIC_ONLY,AVAILABLE_FROM_SINGLE_RETRIEVAL,top1_top2_margin,0.09999284999284999,0.1,2797,27972,1058,0.37826242402574184,0.14074789074789074,2.6875175323464697,0.03617602586746216,DESCRIPTIVE_OBSERVED_QUANTILE_NOT_DEPLOYMENT_CALIBRATED
CORRUPTION_TOP1_IDENTITY_STABILITY,contrast_strong,CORRUPTED_TOP1_EQUALS_CLEAN_TOP1_NOT_TRUE_LOCALIZATION_CORRECTNESS,STABILITY_DIAGNOSTIC_ONLY,AVAILABLE_FROM_SINGLE_RETRIEVAL,top1_top2_margin,0.05001430001430002,0.05,1399,27972,638,0.45604002859185133,0.14074789074789074,3.2401198069015154,0.048272132873535156,DESCRIPTIVE_OBSERVED_QUANTILE_NOT_DEPLOYMENT_CALIBRATED
CORRUPTION_TOP1_IDENTITY_STABILITY,contrast_strong,CORRUPTED_TOP1_EQUALS_CLEAN_TOP1_NOT_TRUE_LOCALIZATION_CORRECTNESS,STABILITY_DIAGNOSTIC_ONLY,AVAILABLE_FROM_SINGLE_RETRIEVAL,top1_top2_margin,0.019984269984269984,0.02,559,27972,317,0.5670840787119857,0.14074789074789074,4.029076923985691,0.06773918867111206,DESCRIPTIVE_OBSERVED_QUANTILE_NOT_DEPLOYMENT_CALIBRATED
CORRUPTION_TOP1_IDENTITY_STABILITY,contrast_strong,CORRUPTED_TOP1_EQUALS_CLEAN_TOP1_NOT_TRUE_LOCALIZATION_CORRECTNESS,STABILITY_DIAGNOSTIC_ONLY,AVAILABLE_FROM_SINGLE_RETRIEVAL,top1_top2_margin,0.01001001001001001,0.01,280,27972,167,0.5964285714285714,0.14074789074789074,4.23756667513335,0.08215919137001038,DESCRIPTIVE_OBSERVED_QUANTILE_NOT_DEPLOYMENT_CALIBRATED
CORRUPTION_TOP1_IDENTITY_STABILITY,contrast_strong,CORRUPTED_TOP1_EQUALS_CLEAN_TOP1_NOT_TRUE_LOCALIZATION_CORRECTNESS,PAIRED_DIAGNOSTIC_ONLY,NOT_AVAILABLE_FOR_SINGLE_QUERY_DEPLOYMENT_REQUIRES_PAIRED_CLEAN_REFERENCE,clean_corrupted_descriptor_cosine,1.0,1.0,27972,27972,3937,0.14074789074789074,0.14074789074789074,1.0,0.215632364153862,DESCRIPTIVE_OBSERVED_QUANTILE_NOT_DEPLOYMENT_CALIBRATED
CORRUPTION_TOP1_IDENTITY_STABILITY,contrast_strong,CORRUPTED_TOP1_EQUALS_CLEAN_TOP1_NOT_TRUE_LOCALIZATION_CORRECTNESS,PAIRED_DIAGNOSTIC_ONLY,NOT_AVAILABLE_FOR_SINGLE_QUERY_DEPLOYMENT_REQUIRES_PAIRED_CLEAN_REFERENCE,clean_corrupted_descriptor_cosine,0.5,0.5,13986,27972,3269,0.23373373373373374,0.14074789074789074,1.6606553213106428,0.7693812847137451,DESCRIPTIVE_OBSERVED_QUANTILE_NOT_DEPLOYMENT_CALIBRATED
CORRUPTION_TOP1_IDENTITY_STABILITY,contrast_strong,CORRUPTED_TOP1_EQUALS_CLEAN_TOP1_NOT_TRUE_LOCALIZATION_CORRECTNESS,PAIRED_DIAGNOSTIC_ONLY,NOT_AVAILABLE_FOR_SINGLE_QUERY_DEPLOYMENT_REQUIRES_PAIRED_CLEAN_REFERENCE,clean_corrupted_descriptor_cosine,0.25,0.25,6993,27972,2259,0.323037323037323,0.14074789074789074,2.2951485902971807,0.8441801071166992,DESCRIPTIVE_OBSERVED_QUANTILE_NOT_DEPLOYMENT_CALIBRATED
CORRUPTION_TOP1_IDENTITY_STABILITY,contrast_strong,CORRUPTED_TOP1_EQUALS_CLEAN_TOP1_NOT_TRUE_LOCALIZATION_CORRECTNESS,PAIRED_DIAGNOSTIC_ONLY,NOT_AVAILABLE_FOR_SINGLE_QUERY_DEPLOYMENT_REQUIRES_PAIRED_CLEAN_REFERENCE,clean_corrupted_descriptor_cosine,0.09999284999284999,0.1,2797,27972,1182,0.42259563818376833,0.14074789074789074,3.002500683585565,0.8977121114730835,DESCRIPTIVE_OBSERVED_QUANTILE_NOT_DEPLOYMENT_CALIBRATED
CORRUPTION_TOP1_IDENTITY_STABILITY,contrast_strong,CORRUPTED_TOP1_EQUALS_CLEAN_TOP1_NOT_TRUE_LOCALIZATION_CORRECTNESS,PAIRED_DIAGNOSTIC_ONLY,NOT_AVAILABLE_FOR_SINGLE_QUERY_DEPLOYMENT_REQUIRES_PAIRED_CLEAN_REFERENCE,clean_corrupted_descriptor_cosine,0.05001430001430002,0.05,1399,27972,704,0.503216583273767,0.14074789074789074,3.575304614512017,0.9196165800094604,DESCRIPTIVE_OBSERVED_QUANTILE_NOT_DEPLOYMENT_CALIBRATED
CORRUPTION_TOP1_IDENTITY_STABILITY,contrast_strong,CORRUPTED_TOP1_EQUALS_CLEAN_TOP1_NOT_TRUE_LOCALIZATION_CORRECTNESS,PAIRED_DIAGNOSTIC_ONLY,NOT_AVAILABLE_FOR_SINGLE_QUERY_DEPLOYMENT_REQUIRES_PAIRED_CLEAN_REFERENCE,clean_corrupted_descriptor_cosine,0.019984269984269984,0.02,559,27972,321,0.5742397137745975,0.14074789074789074,4.0799170113545955,0.9408732652664185,DESCRIPTIVE_OBSERVED_QUANTILE_NOT_DEPLOYMENT_CALIBRATED
CORRUPTION_TOP1_IDENTITY_STABILITY,contrast_strong,CORRUPTED_TOP1_EQUALS_CLEAN_TOP1_NOT_TRUE_LOCALIZATION_CORRECTNESS,PAIRED_DIAGNOSTIC_ONLY,NOT_AVAILABLE_FOR_SINGLE_QUERY_DEPLOYMENT_REQUIRES_PAIRED_CLEAN_REFERENCE,clean_corrupted_descriptor_cosine,0.01001001001001001,0.01,280,27972,166,0.5928571428571429,0.14074789074789074,4.212192024384049,0.9528811573982239,DESCRIPTIVE_OBSERVED_QUANTILE_NOT_DEPLOYMENT_CALIBRATED
CORRUPTION_TOP1_IDENTITY_STABILITY,jpeg_mild,CORRUPTED_TOP1_EQUALS_CLEAN_TOP1_NOT_TRUE_LOCALIZATION_CORRECTNESS,STABILITY_DIAGNOSTIC_ONLY,AVAILABLE_FROM_SINGLE_RETRIEVAL,top1_similarity,1.0,1.0,27972,27972,13310,0.47583297583297585,0.47583297583297585,1.0,-0.08601929992437363,DESCRIPTIVE_OBSERVED_QUANTILE_NOT_DEPLOYMENT_CALIBRATED
CORRUPTION_TOP1_IDENTITY_STABILITY,jpeg_mild,CORRUPTED_TOP1_EQUALS_CLEAN_TOP1_NOT_TRUE_LOCALIZATION_CORRECTNESS,STABILITY_DIAGNOSTIC_ONLY,AVAILABLE_FROM_SINGLE_RETRIEVAL,top1_similarity,0.5,0.5,13986,27972,6463,0.4621049621049621,0.47583297583297585,0.9711495116453793,0.7296076416969299,DESCRIPTIVE_OBSERVED_QUANTILE_NOT_DEPLOYMENT_CALIBRATED
CORRUPTION_TOP1_IDENTITY_STABILITY,jpeg_mild,CORRUPTED_TOP1_EQUALS_CLEAN_TOP1_NOT_TRUE_LOCALIZATION_CORRECTNESS,STABILITY_DIAGNOSTIC_ONLY,AVAILABLE_FROM_SINGLE_RETRIEVAL,top1_similarity,0.25,0.25,6993,27972,3196,0.457028457028457,0.47583297583297585,0.960480841472577,0.7990652322769165,DESCRIPTIVE_OBSERVED_QUANTILE_NOT_DEPLOYMENT_CALIBRATED
CORRUPTION_TOP1_IDENTITY_STABILITY,jpeg_mild,CORRUPTED_TOP1_EQUALS_CLEAN_TOP1_NOT_TRUE_LOCALIZATION_CORRECTNESS,STABILITY_DIAGNOSTIC_ONLY,AVAILABLE_FROM_SINGLE_RETRIEVAL,top1_similarity,0.09999284999284999,0.1,2797,27972,1307,0.46728637826242403,0.47583297583297585,0.9820386606128118,0.8484485745429993,DESCRIPTIVE_OBSERVED_QUANTILE_NOT_DEPLOYMENT_CALIBRATED
CORRUPTION_TOP1_IDENTITY_STABILITY,jpeg_mild,CORRUPTED_TOP1_EQUALS_CLEAN_TOP1_NOT_TRUE_LOCALIZATION_CORRECTNESS,STABILITY_DIAGNOSTIC_ONLY,AVAILABLE_FROM_SINGLE_RETRIEVAL,top1_similarity,0.05001430001430002,0.05,1399,27972,664,0.4746247319513939,0.47583297583297585,0.997460781528504,0.8730416297912598,DESCRIPTIVE_OBSERVED_QUANTILE_NOT_DEPLOYMENT_CALIBRATED
CORRUPTION_TOP1_IDENTITY_STABILITY,jpeg_mild,CORRUPTED_TOP1_EQUALS_CLEAN_TOP1_NOT_TRUE_LOCALIZATION_CORRECTNESS,STABILITY_DIAGNOSTIC_ONLY,AVAILABLE_FROM_SINGLE_RETRIEVAL,top1_similarity,0.019984269984269984,0.02,559,27972,246,0.4400715563506261,0.47583297583297585,0.9248445961111731,0.896432101726532,DESCRIPTIVE_OBSERVED_QUANTILE_NOT_DEPLOYMENT_CALIBRATED
CORRUPTION_TOP1_IDENTITY_STABILITY,jpeg_mild,CORRUPTED_TOP1_EQUALS_CLEAN_TOP1_NOT_TRUE_LOCALIZATION_CORRECTNESS,STABILITY_DIAGNOSTIC_ONLY,AVAILABLE_FROM_SINGLE_RETRIEVAL,top1_similarity,0.01001001001001001,0.01,280,27972,117,0.41785714285714287,0.47583297583297585,0.8781592787377911,0.9103512167930603,DESCRIPTIVE_OBSERVED_QUANTILE_NOT_DEPLOYMENT_CALIBRATED
CORRUPTION_TOP1_IDENTITY_STABILITY,jpeg_mild,CORRUPTED_TOP1_EQUALS_CLEAN_TOP1_NOT_TRUE_LOCALIZATION_CORRECTNESS,STABILITY_DIAGNOSTIC_ONLY,AVAILABLE_FROM_SINGLE_RETRIEVAL,top1_top2_margin,1.0,1.0,27972,27972,13310,0.47583297583297585,0.47583297583297585,1.0,2.384185791015625e-07,DESCRIPTIVE_OBSERVED_QUANTILE_NOT_DEPLOYMENT_CALIBRATED
CORRUPTION_TOP1_IDENTITY_STABILITY,jpeg_mild,CORRUPTED_TOP1_EQUALS_CLEAN_TOP1_NOT_TRUE_LOCALIZATION_CORRECTNESS,STABILITY_DIAGNOSTIC_ONLY,AVAILABLE_FROM_SINGLE_RETRIEVAL,top1_top2_margin,0.5,0.5,13986,27972,8709,0.6226941226941227,0.47583297583297585,1.3086401202103681,0.011042773723602295,DESCRIPTIVE_OBSERVED_QUANTILE_NOT_DEPLOYMENT_CALIBRATED
CORRUPTION_TOP1_IDENTITY_STABILITY,jpeg_mild,CORRUPTED_TOP1_EQUALS_CLEAN_TOP1_NOT_TRUE_LOCALIZATION_CORRECTNESS,STABILITY_DIAGNOSTIC_ONLY,AVAILABLE_FROM_SINGLE_RETRIEVAL,top1_top2_margin,0.25,0.25,6993,27972,5050,0.7221507221507222,0.47583297583297585,1.5176558978211871,0.02246832847595215,DESCRIPTIVE_OBSERVED_QUANTILE_NOT_DEPLOYMENT_CALIBRATED
CORRUPTION_TOP1_IDENTITY_STABILITY,jpeg_mild,CORRUPTED_TOP1_EQUALS_CLEAN_TOP1_NOT_TRUE_LOCALIZATION_CORRECTNESS,STABILITY_DIAGNOSTIC_ONLY,AVAILABLE_FROM_SINGLE_RETRIEVAL,top1_top2_margin,0.09999284999284999,0.1,2797,27972,2269,0.8112263139077583,0.47583297583297585,1.704855180512984,0.037927985191345215,DESCRIPTIVE_OBSERVED_QUANTILE_NOT_DEPLOYMENT_CALIBRATED
CORRUPTION_TOP1_IDENTITY_STABILITY,jpeg_mild,CORRUPTED_TOP1_EQUALS_CLEAN_TOP1_NOT_TRUE_LOCALIZATION_CORRECTNESS,STABILITY_DIAGNOSTIC_ONLY,AVAILABLE_FROM_SINGLE_RETRIEVAL,top1_top2_margin,0.05001430001430002,0.05,1399,27972,1194,0.8534667619728378,0.47583297583297585,1.7936267667846895,0.04961979389190674,DESCRIPTIVE_OBSERVED_QUANTILE_NOT_DEPLOYMENT_CALIBRATED
CORRUPTION_TOP1_IDENTITY_STABILITY,jpeg_mild,CORRUPTED_TOP1_EQUALS_CLEAN_TOP1_NOT_TRUE_LOCALIZATION_CORRECTNESS,STABILITY_DIAGNOSTIC_ONLY,AVAILABLE_FROM_SINGLE_RETRIEVAL,top1_top2_margin,0.019984269984269984,0.02,559,27972,490,0.8765652951699463,0.47583297583297585,1.8421701304653446,0.06589001417160034,DESCRIPTIVE_OBSERVED_QUANTILE_NOT_DEPLOYMENT_CALIBRATED
CORRUPTION_TOP1_IDENTITY_STABILITY,jpeg_mild,CORRUPTED_TOP1_EQUALS_CLEAN_TOP1_NOT_TRUE_LOCALIZATION_CORRECTNESS,STABILITY_DIAGNOSTIC_ONLY,AVAILABLE_FROM_SINGLE_RETRIEVAL,top1_top2_margin,0.01001001001001001,0.01,280,27972,250,0.8928571428571429,0.47583297583297585,1.8764087152516904,0.07783856987953186,DESCRIPTIVE_OBSERVED_QUANTILE_NOT_DEPLOYMENT_CALIBRATED
CORRUPTION_TOP1_IDENTITY_STABILITY,jpeg_mild,CORRUPTED_TOP1_EQUALS_CLEAN_TOP1_NOT_TRUE_LOCALIZATION_CORRECTNESS,PAIRED_DIAGNOSTIC_ONLY,NOT_AVAILABLE_FOR_SINGLE_QUERY_DEPLOYMENT_REQUIRES_PAIRED_CLEAN_REFERENCE,clean_corrupted_descriptor_cosine,1.0,1.0,27972,27972,13310,0.47583297583297585,0.47583297583297585,1.0,0.6113111972808838,DESCRIPTIVE_OBSERVED_QUANTILE_NOT_DEPLOYMENT_CALIBRATED
CORRUPTION_TOP1_IDENTITY_STABILITY,jpeg_mild,CORRUPTED_TOP1_EQUALS_CLEAN_TOP1_NOT_TRUE_LOCALIZATION_CORRECTNESS,PAIRED_DIAGNOSTIC_ONLY,NOT_AVAILABLE_FOR_SINGLE_QUERY_DEPLOYMENT_REQUIRES_PAIRED_CLEAN_REFERENCE,clean_corrupted_descriptor_cosine,0.5,0.5,13986,27972,8538,0.6104676104676104,0.47583297583297585,1.282945154019534,0.954065203666687,DESCRIPTIVE_OBSERVED_QUANTILE_NOT_DEPLOYMENT_CALIBRATED
CORRUPTION_TOP1_IDENTITY_STABILITY,jpeg_mild,CORRUPTED_TOP1_EQUALS_CLEAN_TOP1_NOT_TRUE_LOCALIZATION_CORRECTNESS,PAIRED_DIAGNOSTIC_ONLY,NOT_AVAILABLE_FOR_SINGLE_QUERY_DEPLOYMENT_REQUIRES_PAIRED_CLEAN_REFERENCE,clean_corrupted_descriptor_cosine,0.25,0.25,6993,27972,4702,0.6723866723866724,0.47583297583297585,1.4130728775356873,0.9705408811569214,DESCRIPTIVE_OBSERVED_QUANTILE_NOT_DEPLOYMENT_CALIBRATED
CORRUPTION_TOP1_IDENTITY_STABILITY,jpeg_mild,CORRUPTED_TOP1_EQUALS_CLEAN_TOP1_NOT_TRUE_LOCALIZATION_CORRECTNESS,PAIRED_DIAGNOSTIC_ONLY,NOT_AVAILABLE_FOR_SINGLE_QUERY_DEPLOYMENT_REQUIRES_PAIRED_CLEAN_REFERENCE,clean_corrupted_descriptor_cosine,0.09999284999284999,0.1,2797,27972,2023,0.7232749374329639,0.47583297583297585,1.5200185236570147,0.9799861907958984,DESCRIPTIVE_OBSERVED_QUANTILE_NOT_DEPLOYMENT_CALIBRATED
CORRUPTION_TOP1_IDENTITY_STABILITY,jpeg_mild,CORRUPTED_TOP1_EQUALS_CLEAN_TOP1_NOT_TRUE_LOCALIZATION_CORRECTNESS,PAIRED_DIAGNOSTIC_ONLY,NOT_AVAILABLE_FOR_SINGLE_QUERY_DEPLOYMENT_REQUIRES_PAIRED_CLEAN_REFERENCE,clean_corrupted_descriptor_cosine,0.05001430001430002,0.05,1399,27972,1063,0.7598284488920658,0.47583297583297585,1.5968385704289154,0.9846615195274353,DESCRIPTIVE_OBSERVED_QUANTILE_NOT_DEPLOYMENT_CALIBRATED
CORRUPTION_TOP1_IDENTITY_STABILITY,jpeg_mild,CORRUPTED_TOP1_EQUALS_CLEAN_TOP1_NOT_TRUE_LOCALIZATION_CORRECTNESS,PAIRED_DIAGNOSTIC_ONLY,NOT_AVAILABLE_FOR_SINGLE_QUERY_DEPLOYMENT_REQUIRES_PAIRED_CLEAN_REFERENCE,clean_corrupted_descriptor_cosine,0.019984269984269984,0.02,559,27972,432,0.7728085867620751,0.47583297583297585,1.6241173395123039,0.9880657196044922,DESCRIPTIVE_OBSERVED_QUANTILE_NOT_DEPLOYMENT_CALIBRATED
CORRUPTION_TOP1_IDENTITY_STABILITY,jpeg_mild,CORRUPTED_TOP1_EQUALS_CLEAN_TOP1_NOT_TRUE_LOCALIZATION_CORRECTNESS,PAIRED_DIAGNOSTIC_ONLY,NOT_AVAILABLE_FOR_SINGLE_QUERY_DEPLOYMENT_REQUIRES_PAIRED_CLEAN_REFERENCE,clean_corrupted_descriptor_cosine,0.01001001001001001,0.01,280,27972,205,0.7321428571428571,0.47583297583297585,1.538655146506386,0.9898680448532104,DESCRIPTIVE_OBSERVED_QUANTILE_NOT_DEPLOYMENT_CALIBRATED
CORRUPTION_TOP1_IDENTITY_STABILITY,jpeg_strong,CORRUPTED_TOP1_EQUALS_CLEAN_TOP1_NOT_TRUE_LOCALIZATION_CORRECTNESS,STABILITY_DIAGNOSTIC_ONLY,AVAILABLE_FROM_SINGLE_RETRIEVAL,top1_similarity,1.0,1.0,27972,27972,6389,0.2284069784069784,0.2284069784069784,1.0,0.06961943209171295,DESCRIPTIVE_OBSERVED_QUANTILE_NOT_DEPLOYMENT_CALIBRATED
CORRUPTION_TOP1_IDENTITY_STABILITY,jpeg_strong,CORRUPTED_TOP1_EQUALS_CLEAN_TOP1_NOT_TRUE_LOCALIZATION_CORRECTNESS,STABILITY_DIAGNOSTIC_ONLY,AVAILABLE_FROM_SINGLE_RETRIEVAL,top1_similarity,0.5,0.5,13986,27972,2982,0.2132132132132132,0.2284069784069784,0.9334794177492565,0.7546777725219727,DESCRIPTIVE_OBSERVED_QUANTILE_NOT_DEPLOYMENT_CALIBRATED
CORRUPTION_TOP1_IDENTITY_STABILITY,jpeg_strong,CORRUPTED_TOP1_EQUALS_CLEAN_TOP1_NOT_TRUE_LOCALIZATION_CORRECTNESS,STABILITY_DIAGNOSTIC_ONLY,AVAILABLE_FROM_SINGLE_RETRIEVAL,top1_similarity,0.25,0.25,6993,27972,1402,0.2004862004862005,0.2284069784069784,0.8777586476756927,0.8187481164932251,DESCRIPTIVE_OBSERVED_QUANTILE_NOT_DEPLOYMENT_CALIBRATED
CORRUPTION_TOP1_IDENTITY_STABILITY,jpeg_strong,CORRUPTED_TOP1_EQUALS_CLEAN_TOP1_NOT_TRUE_LOCALIZATION_CORRECTNESS,STABILITY_DIAGNOSTIC_ONLY,AVAILABLE_FROM_SINGLE_RETRIEVAL,top1_similarity,0.09999284999284999,0.1,2797,27972,552,0.1973543081873436,0.2284069784069784,0.8640467535790225,0.8627916574478149,DESCRIPTIVE_OBSERVED_QUANTILE_NOT_DEPLOYMENT_CALIBRATED
CORRUPTION_TOP1_IDENTITY_STABILITY,jpeg_strong,CORRUPTED_TOP1_EQUALS_CLEAN_TOP1_NOT_TRUE_LOCALIZATION_CORRECTNESS,STABILITY_DIAGNOSTIC_ONLY,AVAILABLE_FROM_SINGLE_RETRIEVAL,top1_similarity,0.05001430001430002,0.05,1399,27972,266,0.19013581129378126,0.2284069784069784,0.8324430917999138,0.8855246305465698,DESCRIPTIVE_OBSERVED_QUANTILE_NOT_DEPLOYMENT_CALIBRATED
CORRUPTION_TOP1_IDENTITY_STABILITY,jpeg_strong,CORRUPTED_TOP1_EQUALS_CLEAN_TOP1_NOT_TRUE_LOCALIZATION_CORRECTNESS,STABILITY_DIAGNOSTIC_ONLY,AVAILABLE_FROM_SINGLE_RETRIEVAL,top1_similarity,0.019984269984269984,0.02,559,27972,103,0.18425760286225404,0.2284069784069784,0.8067074138774409,0.9073258638381958,DESCRIPTIVE_OBSERVED_QUANTILE_NOT_DEPLOYMENT_CALIBRATED
CORRUPTION_TOP1_IDENTITY_STABILITY,jpeg_strong,CORRUPTED_TOP1_EQUALS_CLEAN_TOP1_NOT_TRUE_LOCALIZATION_CORRECTNESS,STABILITY_DIAGNOSTIC_ONLY,AVAILABLE_FROM_SINGLE_RETRIEVAL,top1_similarity,0.01001001001001001,0.01,280,27972,41,0.14642857142857144,0.2284069784069784,0.6410862419784004,0.9217372536659241,DESCRIPTIVE_OBSERVED_QUANTILE_NOT_DEPLOYMENT_CALIBRATED
CORRUPTION_TOP1_IDENTITY_STABILITY,jpeg_strong,CORRUPTED_TOP1_EQUALS_CLEAN_TOP1_NOT_TRUE_LOCALIZATION_CORRECTNESS,STABILITY_DIAGNOSTIC_ONLY,AVAILABLE_FROM_SINGLE_RETRIEVAL,top1_top2_margin,1.0,1.0,27972,27972,6389,0.2284069784069784,0.2284069784069784,1.0,3.5762786865234375e-07,DESCRIPTIVE_OBSERVED_QUANTILE_NOT_DEPLOYMENT_CALIBRATED
CORRUPTION_TOP1_IDENTITY_STABILITY,jpeg_strong,CORRUPTED_TOP1_EQUALS_CLEAN_TOP1_NOT_TRUE_LOCALIZATION_CORRECTNESS,STABILITY_DIAGNOSTIC_ONLY,AVAILABLE_FROM_SINGLE_RETRIEVAL,top1_top2_margin,0.5,0.5,13986,27972,4378,0.313027313027313,0.2284069784069784,1.3704805133823759,0.010356247425079346,DESCRIPTIVE_OBSERVED_QUANTILE_NOT_DEPLOYMENT_CALIBRATED
CORRUPTION_TOP1_IDENTITY_STABILITY,jpeg_strong,CORRUPTED_TOP1_EQUALS_CLEAN_TOP1_NOT_TRUE_LOCALIZATION_CORRECTNESS,STABILITY_DIAGNOSTIC_ONLY,AVAILABLE_FROM_SINGLE_RETRIEVAL,top1_top2_margin,0.25,0.25,6993,27972,2814,0.4024024024024024,0.2284069784069784,1.761778056033808,0.020909547805786133,DESCRIPTIVE_OBSERVED_QUANTILE_NOT_DEPLOYMENT_CALIBRATED
CORRUPTION_TOP1_IDENTITY_STABILITY,jpeg_strong,CORRUPTED_TOP1_EQUALS_CLEAN_TOP1_NOT_TRUE_LOCALIZATION_CORRECTNESS,STABILITY_DIAGNOSTIC_ONLY,AVAILABLE_FROM_SINGLE_RETRIEVAL,top1_top2_margin,0.09999284999284999,0.1,2797,27972,1435,0.5130496961029675,0.2284069784069784,2.246208498887495,0.03567004203796387,DESCRIPTIVE_OBSERVED_QUANTILE_NOT_DEPLOYMENT_CALIBRATED
CORRUPTION_TOP1_IDENTITY_STABILITY,jpeg_strong,CORRUPTED_TOP1_EQUALS_CLEAN_TOP1_NOT_TRUE_LOCALIZATION_CORRECTNESS,STABILITY_DIAGNOSTIC_ONLY,AVAILABLE_FROM_SINGLE_RETRIEVAL,top1_top2_margin,0.05001430001430002,0.05,1399,27972,828,0.5918513223731237,0.2284069784069784,2.5912138346252958,0.047470808029174805,DESCRIPTIVE_OBSERVED_QUANTILE_NOT_DEPLOYMENT_CALIBRATED
CORRUPTION_TOP1_IDENTITY_STABILITY,jpeg_strong,CORRUPTED_TOP1_EQUALS_CLEAN_TOP1_NOT_TRUE_LOCALIZATION_CORRECTNESS,STABILITY_DIAGNOSTIC_ONLY,AVAILABLE_FROM_SINGLE_RETRIEVAL,top1_top2_margin,0.019984269984269984,0.02,559,27972,376,0.6726296958855098,0.2284069784069784,2.9448736661933763,0.06333750486373901,DESCRIPTIVE_OBSERVED_QUANTILE_NOT_DEPLOYMENT_CALIBRATED
CORRUPTION_TOP1_IDENTITY_STABILITY,jpeg_strong,CORRUPTED_TOP1_EQUALS_CLEAN_TOP1_NOT_TRUE_LOCALIZATION_CORRECTNESS,STABILITY_DIAGNOSTIC_ONLY,AVAILABLE_FROM_SINGLE_RETRIEVAL,top1_top2_margin,0.01001001001001001,0.01,280,27972,194,0.6928571428571428,0.2284069784069784,3.0334324620441384,0.07527583837509155,DESCRIPTIVE_OBSERVED_QUANTILE_NOT_DEPLOYMENT_CALIBRATED
CORRUPTION_TOP1_IDENTITY_STABILITY,jpeg_strong,CORRUPTED_TOP1_EQUALS_CLEAN_TOP1_NOT_TRUE_LOCALIZATION_CORRECTNESS,PAIRED_DIAGNOSTIC_ONLY,NOT_AVAILABLE_FOR_SINGLE_QUERY_DEPLOYMENT_REQUIRES_PAIRED_CLEAN_REFERENCE,clean_corrupted_descriptor_cosine,1.0,1.0,27972,27972,6389,0.2284069784069784,0.2284069784069784,1.0,0.026958905160427094,DESCRIPTIVE_OBSERVED_QUANTILE_NOT_DEPLOYMENT_CALIBRATED
CORRUPTION_TOP1_IDENTITY_STABILITY,jpeg_strong,CORRUPTED_TOP1_EQUALS_CLEAN_TOP1_NOT_TRUE_LOCALIZATION_CORRECTNESS,PAIRED_DIAGNOSTIC_ONLY,NOT_AVAILABLE_FOR_SINGLE_QUERY_DEPLOYMENT_REQUIRES_PAIRED_CLEAN_REFERENCE,clean_corrupted_descriptor_cosine,0.5,0.5,13986,27972,4715,0.33712283712283714,0.2284069784069784,1.4759743308812021,0.8417141437530518,DESCRIPTIVE_OBSERVED_QUANTILE_NOT_DEPLOYMENT_CALIBRATED
CORRUPTION_TOP1_IDENTITY_STABILITY,jpeg_strong,CORRUPTED_TOP1_EQUALS_CLEAN_TOP1_NOT_TRUE_LOCALIZATION_CORRECTNESS,PAIRED_DIAGNOSTIC_ONLY,NOT_AVAILABLE_FOR_SINGLE_QUERY_DEPLOYMENT_REQUIRES_PAIRED_CLEAN_REFERENCE,clean_corrupted_descriptor_cosine,0.25,0.25,6993,27972,2767,0.3956813956813957,0.2284069784069784,1.7323524808264206,0.8937180638313293,DESCRIPTIVE_OBSERVED_QUANTILE_NOT_DEPLOYMENT_CALIBRATED
CORRUPTION_TOP1_IDENTITY_STABILITY,jpeg_strong,CORRUPTED_TOP1_EQUALS_CLEAN_TOP1_NOT_TRUE_LOCALIZATION_CORRECTNESS,PAIRED_DIAGNOSTIC_ONLY,NOT_AVAILABLE_FOR_SINGLE_QUERY_DEPLOYMENT_REQUIRES_PAIRED_CLEAN_REFERENCE,clean_corrupted_descriptor_cosine,0.09999284999284999,0.1,2797,27972,1303,0.465856274579907,0.2284069784069784,2.0395886230316416,0.9287720322608948,DESCRIPTIVE_OBSERVED_QUANTILE_NOT_DEPLOYMENT_CALIBRATED
CORRUPTION_TOP1_IDENTITY_STABILITY,jpeg_strong,CORRUPTED_TOP1_EQUALS_CLEAN_TOP1_NOT_TRUE_LOCALIZATION_CORRECTNESS,PAIRED_DIAGNOSTIC_ONLY,NOT_AVAILABLE_FOR_SINGLE_QUERY_DEPLOYMENT_REQUIRES_PAIRED_CLEAN_REFERENCE,clean_corrupted_descriptor_cosine,0.05001430001430002,0.05,1399,27972,699,0.4996426018584703,0.2284069784069784,2.1875102299554126,0.9439285397529602,DESCRIPTIVE_OBSERVED_QUANTILE_NOT_DEPLOYMENT_CALIBRATED
CORRUPTION_TOP1_IDENTITY_STABILITY,jpeg_strong,CORRUPTED_TOP1_EQUALS_CLEAN_TOP1_NOT_TRUE_LOCALIZATION_CORRECTNESS,PAIRED_DIAGNOSTIC_ONLY,NOT_AVAILABLE_FOR_SINGLE_QUERY_DEPLOYMENT_REQUIRES_PAIRED_CLEAN_REFERENCE,clean_corrupted_descriptor_cosine,0.019984269984269984,0.02,559,27972,290,0.518783542039356,0.2284069784069784,2.271312136159785,0.956371545791626,DESCRIPTIVE_OBSERVED_QUANTILE_NOT_DEPLOYMENT_CALIBRATED
CORRUPTION_TOP1_IDENTITY_STABILITY,jpeg_strong,CORRUPTED_TOP1_EQUALS_CLEAN_TOP1_NOT_TRUE_LOCALIZATION_CORRECTNESS,PAIRED_DIAGNOSTIC_ONLY,NOT_AVAILABLE_FOR_SINGLE_QUERY_DEPLOYMENT_REQUIRES_PAIRED_CLEAN_REFERENCE,clean_corrupted_descriptor_cosine,0.01001001001001001,0.01,280,27972,138,0.4928571428571429,0.2284069784069784,2.1578024730004697,0.9620081782341003,DESCRIPTIVE_OBSERVED_QUANTILE_NOT_DEPLOYMENT_CALIBRATED
CORRUPTION_TOP1_IDENTITY_STABILITY,noise_mild,CORRUPTED_TOP1_EQUALS_CLEAN_TOP1_NOT_TRUE_LOCALIZATION_CORRECTNESS,STABILITY_DIAGNOSTIC_ONLY,AVAILABLE_FROM_SINGLE_RETRIEVAL,top1_similarity,1.0,1.0,27972,27972,12770,0.4565279565279565,0.4565279565279565,1.0,-0.06816064566373825,DESCRIPTIVE_OBSERVED_QUANTILE_NOT_DEPLOYMENT_CALIBRATED
CORRUPTION_TOP1_IDENTITY_STABILITY,noise_mild,CORRUPTED_TOP1_EQUALS_CLEAN_TOP1_NOT_TRUE_LOCALIZATION_CORRECTNESS,STABILITY_DIAGNOSTIC_ONLY,AVAILABLE_FROM_SINGLE_RETRIEVAL,top1_similarity,0.5,0.5,13986,27972,6210,0.444015444015444,0.4565279565279565,0.9725920125293657,0.6914991736412048,DESCRIPTIVE_OBSERVED_QUANTILE_NOT_DEPLOYMENT_CALIBRATED
CORRUPTION_TOP1_IDENTITY_STABILITY,noise_mild,CORRUPTED_TOP1_EQUALS_CLEAN_TOP1_NOT_TRUE_LOCALIZATION_CORRECTNESS,STABILITY_DIAGNOSTIC_ONLY,AVAILABLE_FROM_SINGLE_RETRIEVAL,top1_similarity,0.25,0.25,6993,27972,3043,0.43514943514943516,0.4565279565279565,0.9531714956930306,0.768406331539154,DESCRIPTIVE_OBSERVED_QUANTILE_NOT_DEPLOYMENT_CALIBRATED
CORRUPTION_TOP1_IDENTITY_STABILITY,noise_mild,CORRUPTED_TOP1_EQUALS_CLEAN_TOP1_NOT_TRUE_LOCALIZATION_CORRECTNESS,STABILITY_DIAGNOSTIC_ONLY,AVAILABLE_FROM_SINGLE_RETRIEVAL,top1_similarity,0.09999284999284999,0.1,2797,27972,1232,0.4404719342152306,0.4565279565279565,0.9648301443906367,0.8237974643707275,DESCRIPTIVE_OBSERVED_QUANTILE_NOT_DEPLOYMENT_CALIBRATED
CORRUPTION_TOP1_IDENTITY_STABILITY,noise_mild,CORRUPTED_TOP1_EQUALS_CLEAN_TOP1_NOT_TRUE_LOCALIZATION_CORRECTNESS,STABILITY_DIAGNOSTIC_ONLY,AVAILABLE_FROM_SINGLE_RETRIEVAL,top1_similarity,0.05001430001430002,0.05,1399,27972,634,0.453180843459614,0.4565279565279565,0.992668328367449,0.8501884341239929,DESCRIPTIVE_OBSERVED_QUANTILE_NOT_DEPLOYMENT_CALIBRATED
CORRUPTION_TOP1_IDENTITY_STABILITY,noise_mild,CORRUPTED_TOP1_EQUALS_CLEAN_TOP1_NOT_TRUE_LOCALIZATION_CORRECTNESS,STABILITY_DIAGNOSTIC_ONLY,AVAILABLE_FROM_SINGLE_RETRIEVAL,top1_similarity,0.019984269984269984,0.02,559,27972,261,0.4669051878354204,0.4565279565279565,1.022730768530335,0.877206563949585,DESCRIPTIVE_OBSERVED_QUANTILE_NOT_DEPLOYMENT_CALIBRATED
CORRUPTION_TOP1_IDENTITY_STABILITY,noise_mild,CORRUPTED_TOP1_EQUALS_CLEAN_TOP1_NOT_TRUE_LOCALIZATION_CORRECTNESS,STABILITY_DIAGNOSTIC_ONLY,AVAILABLE_FROM_SINGLE_RETRIEVAL,top1_similarity,0.01001001001001001,0.01,280,27972,145,0.5178571428571429,0.4565279565279565,1.1343382928739234,0.892925500869751,DESCRIPTIVE_OBSERVED_QUANTILE_NOT_DEPLOYMENT_CALIBRATED
CORRUPTION_TOP1_IDENTITY_STABILITY,noise_mild,CORRUPTED_TOP1_EQUALS_CLEAN_TOP1_NOT_TRUE_LOCALIZATION_CORRECTNESS,STABILITY_DIAGNOSTIC_ONLY,AVAILABLE_FROM_SINGLE_RETRIEVAL,top1_top2_margin,1.0,1.0,27972,27972,12770,0.4565279565279565,0.4565279565279565,1.0,1.7881393432617188e-07,DESCRIPTIVE_OBSERVED_QUANTILE_NOT_DEPLOYMENT_CALIBRATED
CORRUPTION_TOP1_IDENTITY_STABILITY,noise_mild,CORRUPTED_TOP1_EQUALS_CLEAN_TOP1_NOT_TRUE_LOCALIZATION_CORRECTNESS,STABILITY_DIAGNOSTIC_ONLY,AVAILABLE_FROM_SINGLE_RETRIEVAL,top1_top2_margin,0.5,0.5,13986,27972,8295,0.5930930930930931,0.4565279565279565,1.2991386061080659,0.012099087238311768,DESCRIPTIVE_OBSERVED_QUANTILE_NOT_DEPLOYMENT_CALIBRATED
CORRUPTION_TOP1_IDENTITY_STABILITY,noise_mild,CORRUPTED_TOP1_EQUALS_CLEAN_TOP1_NOT_TRUE_LOCALIZATION_CORRECTNESS,STABILITY_DIAGNOSTIC_ONLY,AVAILABLE_FROM_SINGLE_RETRIEVAL,top1_top2_margin,0.25,0.25,6993,27972,4844,0.6926926926926927,0.4565279565279565,1.517306186374315,0.0243227481842041,DESCRIPTIVE_OBSERVED_QUANTILE_NOT_DEPLOYMENT_CALIBRATED
CORRUPTION_TOP1_IDENTITY_STABILITY,noise_mild,CORRUPTED_TOP1_EQUALS_CLEAN_TOP1_NOT_TRUE_LOCALIZATION_CORRECTNESS,STABILITY_DIAGNOSTIC_ONLY,AVAILABLE_FROM_SINGLE_RETRIEVAL,top1_top2_margin,0.09999284999284999,0.1,2797,27972,2219,0.793350017876296,0.4565279565279565,1.737790657794499,0.04023772478103638,DESCRIPTIVE_OBSERVED_QUANTILE_NOT_DEPLOYMENT_CALIBRATED
CORRUPTION_TOP1_IDENTITY_STABILITY,noise_mild,CORRUPTED_TOP1_EQUALS_CLEAN_TOP1_NOT_TRUE_LOCALIZATION_CORRECTNESS,STABILITY_DIAGNOSTIC_ONLY,AVAILABLE_FROM_SINGLE_RETRIEVAL,top1_top2_margin,0.05001430001430002,0.05,1399,27972,1137,0.812723373838456,0.4565279565279565,1.7802269548167027,0.05210745334625244,DESCRIPTIVE_OBSERVED_QUANTILE_NOT_DEPLOYMENT_CALIBRATED
CORRUPTION_TOP1_IDENTITY_STABILITY,noise_mild,CORRUPTED_TOP1_EQUALS_CLEAN_TOP1_NOT_TRUE_LOCALIZATION_CORRECTNESS,STABILITY_DIAGNOSTIC_ONLY,AVAILABLE_FROM_SINGLE_RETRIEVAL,top1_top2_margin,0.019984269984269984,0.02,559,27972,471,0.8425760286225402,0.4565279565279565,1.8456175937846278,0.06804710626602173,DESCRIPTIVE_OBSERVED_QUANTILE_NOT_DEPLOYMENT_CALIBRATED
CORRUPTION_TOP1_IDENTITY_STABILITY,noise_mild,CORRUPTED_TOP1_EQUALS_CLEAN_TOP1_NOT_TRUE_LOCALIZATION_CORRECTNESS,STABILITY_DIAGNOSTIC_ONLY,AVAILABLE_FROM_SINGLE_RETRIEVAL,top1_top2_margin,0.01001001001001001,0.01,280,27972,241,0.8607142857142858,0.4565279565279565,1.8853484729835552,0.08287039399147034,DESCRIPTIVE_OBSERVED_QUANTILE_NOT_DEPLOYMENT_CALIBRATED
CORRUPTION_TOP1_IDENTITY_STABILITY,noise_mild,CORRUPTED_TOP1_EQUALS_CLEAN_TOP1_NOT_TRUE_LOCALIZATION_CORRECTNESS,PAIRED_DIAGNOSTIC_ONLY,NOT_AVAILABLE_FOR_SINGLE_QUERY_DEPLOYMENT_REQUIRES_PAIRED_CLEAN_REFERENCE,clean_corrupted_descriptor_cosine,1.0,1.0,27972,27972,12770,0.4565279565279565,0.4565279565279565,1.0,0.42123645544052124,DESCRIPTIVE_OBSERVED_QUANTILE_NOT_DEPLOYMENT_CALIBRATED
CORRUPTION_TOP1_IDENTITY_STABILITY,noise_mild,CORRUPTED_TOP1_EQUALS_CLEAN_TOP1_NOT_TRUE_LOCALIZATION_CORRECTNESS,PAIRED_DIAGNOSTIC_ONLY,NOT_AVAILABLE_FOR_SINGLE_QUERY_DEPLOYMENT_REQUIRES_PAIRED_CLEAN_REFERENCE,clean_corrupted_descriptor_cosine,0.5,0.5,13986,27972,8468,0.6054626054626054,0.4565279565279565,1.3262333594361786,0.9604146480560303,DESCRIPTIVE_OBSERVED_QUANTILE_NOT_DEPLOYMENT_CALIBRATED
CORRUPTION_TOP1_IDENTITY_STABILITY,noise_mild,CORRUPTED_TOP1_EQUALS_CLEAN_TOP1_NOT_TRUE_LOCALIZATION_CORRECTNESS,PAIRED_DIAGNOSTIC_ONLY,NOT_AVAILABLE_FOR_SINGLE_QUERY_DEPLOYMENT_REQUIRES_PAIRED_CLEAN_REFERENCE,clean_corrupted_descriptor_cosine,0.25,0.25,6993,27972,4859,0.6948376948376949,0.4565279565279565,1.5220046985121378,0.9786252975463867,DESCRIPTIVE_OBSERVED_QUANTILE_NOT_DEPLOYMENT_CALIBRATED
CORRUPTION_TOP1_IDENTITY_STABILITY,noise_mild,CORRUPTED_TOP1_EQUALS_CLEAN_TOP1_NOT_TRUE_LOCALIZATION_CORRECTNESS,PAIRED_DIAGNOSTIC_ONLY,NOT_AVAILABLE_FOR_SINGLE_QUERY_DEPLOYMENT_REQUIRES_PAIRED_CLEAN_REFERENCE,clean_corrupted_descriptor_cosine,0.09999284999284999,0.1,2797,27972,2117,0.756882373972113,0.4565279565279565,1.6579102399959236,0.9862686395645142,DESCRIPTIVE_OBSERVED_QUANTILE_NOT_DEPLOYMENT_CALIBRATED
CORRUPTION_TOP1_IDENTITY_STABILITY,noise_mild,CORRUPTED_TOP1_EQUALS_CLEAN_TOP1_NOT_TRUE_LOCALIZATION_CORRECTNESS,PAIRED_DIAGNOSTIC_ONLY,NOT_AVAILABLE_FOR_SINGLE_QUERY_DEPLOYMENT_REQUIRES_PAIRED_CLEAN_REFERENCE,clean_corrupted_descriptor_cosine,0.05001430001430002,0.05,1399,27972,1103,0.7884203002144389,0.4565279565279565,1.7269923756928962,0.9893189668655396,DESCRIPTIVE_OBSERVED_QUANTILE_NOT_DEPLOYMENT_CALIBRATED
CORRUPTION_TOP1_IDENTITY_STABILITY,noise_mild,CORRUPTED_TOP1_EQUALS_CLEAN_TOP1_NOT_TRUE_LOCALIZATION_CORRECTNESS,PAIRED_DIAGNOSTIC_ONLY,NOT_AVAILABLE_FOR_SINGLE_QUERY_DEPLOYMENT_REQUIRES_PAIRED_CLEAN_REFERENCE,clean_corrupted_descriptor_cosine,0.019984269984269984,0.02,559,27972,468,0.8372093023255814,0.4565279565279565,1.8338620677095665,0.9923942685127258,DESCRIPTIVE_OBSERVED_QUANTILE_NOT_DEPLOYMENT_CALIBRATED
CORRUPTION_TOP1_IDENTITY_STABILITY,noise_mild,CORRUPTED_TOP1_EQUALS_CLEAN_TOP1_NOT_TRUE_LOCALIZATION_CORRECTNESS,PAIRED_DIAGNOSTIC_ONLY,NOT_AVAILABLE_FOR_SINGLE_QUERY_DEPLOYMENT_REQUIRES_PAIRED_CLEAN_REFERENCE,clean_corrupted_descriptor_cosine,0.01001001001001001,0.01,280,27972,235,0.8392857142857143,0.4565279565279565,1.8384103367267033,0.9937352538108826,DESCRIPTIVE_OBSERVED_QUANTILE_NOT_DEPLOYMENT_CALIBRATED
CORRUPTION_TOP1_IDENTITY_STABILITY,noise_strong,CORRUPTED_TOP1_EQUALS_CLEAN_TOP1_NOT_TRUE_LOCALIZATION_CORRECTNESS,STABILITY_DIAGNOSTIC_ONLY,AVAILABLE_FROM_SINGLE_RETRIEVAL,top1_similarity,1.0,1.0,27972,27972,4985,0.1782139282139282,0.1782139282139282,1.0,0.09790743142366409,DESCRIPTIVE_OBSERVED_QUANTILE_NOT_DEPLOYMENT_CALIBRATED
CORRUPTION_TOP1_IDENTITY_STABILITY,noise_strong,CORRUPTED_TOP1_EQUALS_CLEAN_TOP1_NOT_TRUE_LOCALIZATION_CORRECTNESS,STABILITY_DIAGNOSTIC_ONLY,AVAILABLE_FROM_SINGLE_RETRIEVAL,top1_similarity,0.5,0.5,13986,27972,2132,0.15243815243815242,0.1782139282139282,0.8553660982948846,0.7019941210746765,DESCRIPTIVE_OBSERVED_QUANTILE_NOT_DEPLOYMENT_CALIBRATED
CORRUPTION_TOP1_IDENTITY_STABILITY,noise_strong,CORRUPTED_TOP1_EQUALS_CLEAN_TOP1_NOT_TRUE_LOCALIZATION_CORRECTNESS,STABILITY_DIAGNOSTIC_ONLY,AVAILABLE_FROM_SINGLE_RETRIEVAL,top1_similarity,0.25,0.25,6993,27972,965,0.137995137995138,0.1782139282139282,0.7743229689067201,0.7776902914047241,DESCRIPTIVE_OBSERVED_QUANTILE_NOT_DEPLOYMENT_CALIBRATED
CORRUPTION_TOP1_IDENTITY_STABILITY,noise_strong,CORRUPTED_TOP1_EQUALS_CLEAN_TOP1_NOT_TRUE_LOCALIZATION_CORRECTNESS,STABILITY_DIAGNOSTIC_ONLY,AVAILABLE_FROM_SINGLE_RETRIEVAL,top1_similarity,0.09999284999284999,0.1,2797,27972,405,0.14479799785484448,0.1782139282139282,0.8124954054153882,0.8277178406715393,DESCRIPTIVE_OBSERVED_QUANTILE_NOT_DEPLOYMENT_CALIBRATED
CORRUPTION_TOP1_IDENTITY_STABILITY,noise_strong,CORRUPTED_TOP1_EQUALS_CLEAN_TOP1_NOT_TRUE_LOCALIZATION_CORRECTNESS,STABILITY_DIAGNOSTIC_ONLY,AVAILABLE_FROM_SINGLE_RETRIEVAL,top1_similarity,0.05001430001430002,0.05,1399,27972,203,0.1451036454610436,0.1782139282139282,0.8142104655639542,0.8519183993339539,DESCRIPTIVE_OBSERVED_QUANTILE_NOT_DEPLOYMENT_CALIBRATED
CORRUPTION_TOP1_IDENTITY_STABILITY,noise_strong,CORRUPTED_TOP1_EQUALS_CLEAN_TOP1_NOT_TRUE_LOCALIZATION_CORRECTNESS,STABILITY_DIAGNOSTIC_ONLY,AVAILABLE_FROM_SINGLE_RETRIEVAL,top1_similarity,0.019984269984269984,0.02,559,27972,93,0.16636851520572452,0.1782139282139282,0.93353261932488,0.8753305673599243,DESCRIPTIVE_OBSERVED_QUANTILE_NOT_DEPLOYMENT_CALIBRATED
CORRUPTION_TOP1_IDENTITY_STABILITY,noise_strong,CORRUPTED_TOP1_EQUALS_CLEAN_TOP1_NOT_TRUE_LOCALIZATION_CORRECTNESS,STABILITY_DIAGNOSTIC_ONLY,AVAILABLE_FROM_SINGLE_RETRIEVAL,top1_similarity,0.01001001001001001,0.01,280,27972,47,0.16785714285714284,0.1782139282139282,0.9418856569709128,0.889447808265686,DESCRIPTIVE_OBSERVED_QUANTILE_NOT_DEPLOYMENT_CALIBRATED
CORRUPTION_TOP1_IDENTITY_STABILITY,noise_strong,CORRUPTED_TOP1_EQUALS_CLEAN_TOP1_NOT_TRUE_LOCALIZATION_CORRECTNESS,STABILITY_DIAGNOSTIC_ONLY,AVAILABLE_FROM_SINGLE_RETRIEVAL,top1_top2_margin,1.0,1.0,27972,27972,4985,0.1782139282139282,0.1782139282139282,1.0,1.6093254089355469e-06,DESCRIPTIVE_OBSERVED_QUANTILE_NOT_DEPLOYMENT_CALIBRATED
CORRUPTION_TOP1_IDENTITY_STABILITY,noise_strong,CORRUPTED_TOP1_EQUALS_CLEAN_TOP1_NOT_TRUE_LOCALIZATION_CORRECTNESS,STABILITY_DIAGNOSTIC_ONLY,AVAILABLE_FROM_SINGLE_RETRIEVAL,top1_top2_margin,0.5,0.5,13986,27972,3508,0.25082225082225085,0.1782139282139282,1.4074222668004015,0.011867702007293701,DESCRIPTIVE_OBSERVED_QUANTILE_NOT_DEPLOYMENT_CALIBRATED
CORRUPTION_TOP1_IDENTITY_STABILITY,noise_strong,CORRUPTED_TOP1_EQUALS_CLEAN_TOP1_NOT_TRUE_LOCALIZATION_CORRECTNESS,STABILITY_DIAGNOSTIC_ONLY,AVAILABLE_FROM_SINGLE_RETRIEVAL,top1_top2_margin,0.25,0.25,6993,27972,2324,0.33233233233233234,0.1782139282139282,1.8647943831494485,0.024697482585906982,DESCRIPTIVE_OBSERVED_QUANTILE_NOT_DEPLOYMENT_CALIBRATED
CORRUPTION_TOP1_IDENTITY_STABILITY,noise_strong,CORRUPTED_TOP1_EQUALS_CLEAN_TOP1_NOT_TRUE_LOCALIZATION_CORRECTNESS,STABILITY_DIAGNOSTIC_ONLY,AVAILABLE_FROM_SINGLE_RETRIEVAL,top1_top2_margin,0.09999284999284999,0.1,2797,27972,1178,0.4211655345012513,0.1782139282139282,2.3632582409366103,0.0410943329334259,DESCRIPTIVE_OBSERVED_QUANTILE_NOT_DEPLOYMENT_CALIBRATED
CORRUPTION_TOP1_IDENTITY_STABILITY,noise_strong,CORRUPTED_TOP1_EQUALS_CLEAN_TOP1_NOT_TRUE_LOCALIZATION_CORRECTNESS,STABILITY_DIAGNOSTIC_ONLY,AVAILABLE_FROM_SINGLE_RETRIEVAL,top1_top2_margin,0.05001430001430002,0.05,1399,27972,686,0.49035025017869904,0.1782139282139282,2.7514698491471554,0.05376476049423218,DESCRIPTIVE_OBSERVED_QUANTILE_NOT_DEPLOYMENT_CALIBRATED
CORRUPTION_TOP1_IDENTITY_STABILITY,noise_strong,CORRUPTED_TOP1_EQUALS_CLEAN_TOP1_NOT_TRUE_LOCALIZATION_CORRECTNESS,STABILITY_DIAGNOSTIC_ONLY,AVAILABLE_FROM_SINGLE_RETRIEVAL,top1_top2_margin,0.019984269984269984,0.02,559,27972,307,0.5491949910554562,0.1782139282139282,3.081661442287507,0.071144700050354,DESCRIPTIVE_OBSERVED_QUANTILE_NOT_DEPLOYMENT_CALIBRATED
CORRUPTION_TOP1_IDENTITY_STABILITY,noise_strong,CORRUPTED_TOP1_EQUALS_CLEAN_TOP1_NOT_TRUE_LOCALIZATION_CORRECTNESS,STABILITY_DIAGNOSTIC_ONLY,AVAILABLE_FROM_SINGLE_RETRIEVAL,top1_top2_margin,0.01001001001001001,0.01,280,27972,160,0.5714285714285714,0.1782139282139282,3.20641925777332,0.085399329662323,DESCRIPTIVE_OBSERVED_QUANTILE_NOT_DEPLOYMENT_CALIBRATED
CORRUPTION_TOP1_IDENTITY_STABILITY,noise_strong,CORRUPTED_TOP1_EQUALS_CLEAN_TOP1_NOT_TRUE_LOCALIZATION_CORRECTNESS,PAIRED_DIAGNOSTIC_ONLY,NOT_AVAILABLE_FOR_SINGLE_QUERY_DEPLOYMENT_REQUIRES_PAIRED_CLEAN_REFERENCE,clean_corrupted_descriptor_cosine,1.0,1.0,27972,27972,4985,0.1782139282139282,0.1782139282139282,1.0,-0.04005381464958191,DESCRIPTIVE_OBSERVED_QUANTILE_NOT_DEPLOYMENT_CALIBRATED
CORRUPTION_TOP1_IDENTITY_STABILITY,noise_strong,CORRUPTED_TOP1_EQUALS_CLEAN_TOP1_NOT_TRUE_LOCALIZATION_CORRECTNESS,PAIRED_DIAGNOSTIC_ONLY,NOT_AVAILABLE_FOR_SINGLE_QUERY_DEPLOYMENT_REQUIRES_PAIRED_CLEAN_REFERENCE,clean_corrupted_descriptor_cosine,0.5,0.5,13986,27972,4150,0.29672529672529674,0.1782139282139282,1.6649949849548649,0.7998546361923218,DESCRIPTIVE_OBSERVED_QUANTILE_NOT_DEPLOYMENT_CALIBRATED
CORRUPTION_TOP1_IDENTITY_STABILITY,noise_strong,CORRUPTED_TOP1_EQUALS_CLEAN_TOP1_NOT_TRUE_LOCALIZATION_CORRECTNESS,PAIRED_DIAGNOSTIC_ONLY,NOT_AVAILABLE_FOR_SINGLE_QUERY_DEPLOYMENT_REQUIRES_PAIRED_CLEAN_REFERENCE,clean_corrupted_descriptor_cosine,0.25,0.25,6993,27972,2818,0.40297440297440296,0.1782139282139282,2.261183550651956,0.8695042133331299,DESCRIPTIVE_OBSERVED_QUANTILE_NOT_DEPLOYMENT_CALIBRATED
CORRUPTION_TOP1_IDENTITY_STABILITY,noise_strong,CORRUPTED_TOP1_EQUALS_CLEAN_TOP1_NOT_TRUE_LOCALIZATION_CORRECTNESS,PAIRED_DIAGNOSTIC_ONLY,NOT_AVAILABLE_FOR_SINGLE_QUERY_DEPLOYMENT_REQUIRES_PAIRED_CLEAN_REFERENCE,clean_corrupted_descriptor_cosine,0.09999284999284999,0.1,2797,27972,1409,0.503754022166607,0.1782139282139282,2.8266815462476096,0.9146521687507629,DESCRIPTIVE_OBSERVED_QUANTILE_NOT_DEPLOYMENT_CALIBRATED
CORRUPTION_TOP1_IDENTITY_STABILITY,noise_strong,CORRUPTED_TOP1_EQUALS_CLEAN_TOP1_NOT_TRUE_LOCALIZATION_CORRECTNESS,PAIRED_DIAGNOSTIC_ONLY,NOT_AVAILABLE_FOR_SINGLE_QUERY_DEPLOYMENT_REQUIRES_PAIRED_CLEAN_REFERENCE,clean_corrupted_descriptor_cosine,0.05001430001430002,0.05,1399,27972,780,0.557541100786276,0.1782139282139282,3.1284934144821888,0.9329644441604614,DESCRIPTIVE_OBSERVED_QUANTILE_NOT_DEPLOYMENT_CALIBRATED
CORRUPTION_TOP1_IDENTITY_STABILITY,noise_strong,CORRUPTED_TOP1_EQUALS_CLEAN_TOP1_NOT_TRUE_LOCALIZATION_CORRECTNESS,PAIRED_DIAGNOSTIC_ONLY,NOT_AVAILABLE_FOR_SINGLE_QUERY_DEPLOYMENT_REQUIRES_PAIRED_CLEAN_REFERENCE,clean_corrupted_descriptor_cosine,0.019984269984269984,0.02,559,27972,358,0.6404293381037567,0.1782139282139282,3.593598685143086,0.9457333087921143,DESCRIPTIVE_OBSERVED_QUANTILE_NOT_DEPLOYMENT_CALIBRATED
CORRUPTION_TOP1_IDENTITY_STABILITY,noise_strong,CORRUPTED_TOP1_EQUALS_CLEAN_TOP1_NOT_TRUE_LOCALIZATION_CORRECTNESS,PAIRED_DIAGNOSTIC_ONLY,NOT_AVAILABLE_FOR_SINGLE_QUERY_DEPLOYMENT_REQUIRES_PAIRED_CLEAN_REFERENCE,clean_corrupted_descriptor_cosine,0.01001001001001001,0.01,280,27972,195,0.6964285714285714,0.1782139282139282,3.9078234704112336,0.9552464485168457,DESCRIPTIVE_OBSERVED_QUANTILE_NOT_DEPLOYMENT_CALIBRATED
