condition,family,severity,map_size,query_count,top1_identity_stability,positive_rank_drift_mean,positive_rank_drift_median,positive_rank_absolute_drift_mean,positive_rank_absolute_drift_median,rank_improved_fraction,rank_worsened_fraction,rank_unchanged_fraction,clean_margin_mean,corrupted_margin_mean,margin_drift_mean,descriptive_R@1,descriptive_R@5,descriptive_R@10,descriptive_mAP,accuracy_degradation_claim_allowed
blur_mild,gaussian_blur,1,700,2331,0.09867009867009867,40.25911625911626,26.0,362.25911625911624,246.0,0.4517374517374517,0.5474045474045474,0.000858000858000858,0.01665912632495224,0.01953996904194355,0.002880842222363534,0.001287001287001287,0.003861003861003861,0.009438009438009438,0.00614111644197826,False
blur_mild,gaussian_blur,1,800,2331,0.12012012012012012,53.53839553839554,34.0,357.27498927498925,238.0,0.4491634491634492,0.5452595452595452,0.005577005577005577,0.017085216661370965,0.017558744177222252,0.00047352720181458865,0.000429000429000429,0.003861003861003861,0.007293007293007293,0.004776375455341412,False
blur_mild,gaussian_blur,1,900,2331,0.15444015444015444,53.21964821964822,38.0,348.6988416988417,239.0,0.44315744315744315,0.5546975546975547,0.002145002145002145,0.017023764438815255,0.021621517837047577,0.004597751023379733,0.000429000429000429,0.003003003003003003,0.003861003861003861,0.003765426463957556,False
blur_mild,gaussian_blur,1,1000,2331,0.20291720291720292,38.55898755898756,29.0,332.3830973830974,218.0,0.4547404547404547,0.543972543972544,0.001287001287001287,0.022273948185180966,0.022333068773150444,5.912180496156719e-05,0.0,0.000429000429000429,0.002145002145002145,0.003041455725786982,False
blur_mild,gaussian_blur,1,1100,2331,0.2578292578292578,39.02616902616903,29.0,350.12355212355214,245.0,0.4465894465894466,0.54997854997855,0.003432003432003432,0.02192923101564167,0.021832795813679695,-9.643635263079327e-05,0.0,0.000429000429000429,0.001716001716001716,0.0028829778590255106,False
blur_mild,gaussian_blur,1,1200,2331,0.13856713856713856,28.247104247104247,22.0,353.4139854139854,243.0,0.46589446589446587,0.5323895323895323,0.001716001716001716,0.015487217266433746,0.016308268532156944,0.0008210520751867483,0.000429000429000429,0.003003003003003003,0.00429000429000429,0.003670398561650985,False
blur_mild,gaussian_blur,1,1300,2331,0.12998712998713,22.347919347919348,24.0,355.7190047190047,257.0,0.46675246675246673,0.5323895323895323,0.000858000858000858,0.01604784127917729,0.014317706227302551,-0.0017301352052972465,0.0,0.003861003861003861,0.006006006006006006,0.004284892140365657,False
blur_mild,gaussian_blur,1,1400,2331,0.1093951093951094,18.888459888459888,28.0,368.0948090948091,260.0,0.4603174603174603,0.5383955383955384,0.001287001287001287,0.01314678675115922,0.014234106987714767,0.0010873204059595686,0.0,0.001287001287001287,0.003432003432003432,0.0030901290943488543,False
blur_mild,gaussian_blur,1,1500,2331,0.12998712998713,52.62848562848563,32.0,377.9232089232089,269.0,0.4543114543114543,0.5431145431145431,0.002574002574002574,0.016905961362449207,0.017314627766609192,0.00040866504333428934,0.000429000429000429,0.002145002145002145,0.006435006435006435,0.003864721211048463,False
blur_mild,gaussian_blur,1,1600,2331,0.09952809952809953,17.343629343629345,5.0,365.987987987988,264.0,0.49120549120549123,0.5079365079365079,0.000858000858000858,0.015886598435665603,0.019410470500588417,0.003523871985015259,0.0,0.001287001287001287,0.004719004719004719,0.0034079623356163074,False
blur_mild,gaussian_blur,1,1700,2331,0.09438009438009438,-8.12097812097812,-13.0,382.64950664950663,273.0,0.5190905190905191,0.4800514800514801,0.000858000858000858,0.014802112648002227,0.013630879111588001,-0.0011712341808686726,0.000858000858000858,0.003003003003003003,0.006435006435006435,0.0042854989824374305,False
blur_mild,gaussian_blur,1,1800,2331,0.08537108537108537,17.325611325611327,5.0,343.4791934791935,234.0,0.4894894894894895,0.5087945087945088,0.001716001716001716,0.01774312410398143,0.01507581491023302,-0.0026673087530582353,0.001716001716001716,0.003432003432003432,0.004719004719004719,0.00465584303289103,False
blur_strong,gaussian_blur,2,700,2331,0.04676104676104676,122.08065208065209,87.0,490.5156585156585,385.0,0.4191334191334191,0.58000858000858,0.000858000858000858,0.01665912632495224,0.023368922993540764,0.00670979816046261,0.0,0.002574002574002574,0.006006006006006006,0.003795891135180828,False
blur_strong,gaussian_blur,2,800,2331,0.05791505791505792,106.33590733590734,72.0,499.1947661947662,399.0,0.4315744315744316,0.5667095667095667,0.001716001716001716,0.017085216661370965,0.018706241622567177,0.0016210243291274375,0.000429000429000429,0.001716001716001716,0.005148005148005148,0.0037856250881919927,False
blur_strong,gaussian_blur,2,900,2331,0.08923208923208924,91.3985413985414,67.0,494.2479622479622,364.0,0.43843843843843844,0.5594165594165594,0.002145002145002145,0.017023764438815255,0.024231506511569023,0.007207744076036217,0.000429000429000429,0.002145002145002145,0.003861003861003861,0.003692398213937245,False
blur_strong,gaussian_blur,2,1000,2331,0.07464607464607464,86.6044616044616,63.0,459.35263835263834,335.0,0.4337194337194337,0.5641355641355641,0.002145002145002145,0.022273948185180966,0.022636335343122482,0.00036238680794641644,0.000429000429000429,0.000858000858000858,0.003003003003003003,0.002947570286607739,False
blur_strong,gaussian_blur,2,1100,2331,0.16387816387816387,82.61046761046761,57.0,456.8747318747319,341.0,0.4448734448734449,0.5551265551265552,0.0,0.02192923101564167,0.028926972299814224,0.006997738990825672,0.000429000429000429,0.000858000858000858,0.003861003861003861,0.0032847923776651556,False
blur_strong,gaussian_blur,2,1200,2331,0.06048906048906049,35.99013299013299,23.0,467.1003861003861,334.0,0.4697554697554698,0.5302445302445302,0.0,0.015487217266433746,0.01869828812777996,0.0032110711274383782,0.000429000429000429,0.002145002145002145,0.003003003003003003,0.0032827450582654087,False
blur_strong,gaussian_blur,2,1300,2331,0.04804804804804805,32.066495066495065,32.0,458.3333333333333,338.0,0.4628914628914629,0.534963534963535,0.002145002145002145,0.01604784127917729,0.014064129441976547,-0.001983711645422605,0.000429000429000429,0.002574002574002574,0.005577005577005577,0.0038328051917606355,False
blur_strong,gaussian_blur,2,1400,2331,0.031746031746031744,21.86057486057486,27.0,487.77477477477476,379.0,0.4744744744744745,0.5246675246675246,0.000858000858000858,0.01314678675115922,0.0156962051987648,0.0025494190916604898,0.0,0.001287001287001287,0.002574002574002574,0.0031023771958003073,False
blur_strong,gaussian_blur,2,1500,2331,0.03646503646503647,63.4006864006864,45.0,482.2767052767053,367.0,0.4568854568854569,0.5422565422565423,0.000858000858000858,0.016905961362449207,0.016037331894040108,-0.0008686299886072974,0.000429000429000429,0.000858000858000858,0.004719004719004719,0.003517468098816297,False
blur_strong,gaussian_blur,2,1600,2331,0.019734019734019732,9.141570141570142,-19.0,486.7520377520378,378.0,0.5195195195195195,0.4791934791934792,0.001287001287001287,0.015886598435665603,0.01066512055695057,-0.005221477962617967,0.000429000429000429,0.001716001716001716,0.00429000429000429,0.003534545318949579,False
blur_strong,gaussian_blur,2,1700,2331,0.015444015444015444,9.215787215787216,-14.0,516.2900042900043,405.0,0.5122265122265123,0.4877734877734878,0.0,0.014802112648002227,0.011562411673367023,-0.0032397024413384104,0.0,0.000429000429000429,0.001287001287001287,0.002499996045861693,False
blur_strong,gaussian_blur,2,1800,2331,0.015015015015015015,41.706134706134705,-3.0,475.15186615186616,338.0,0.5019305019305019,0.4967824967824968,0.001287001287001287,0.01774312410398143,0.010599207133054733,-0.007143917053231482,0.000429000429000429,0.001716001716001716,0.002574002574002574,0.003373890269124321,False
brightness_mild,brightness,1,700,2331,0.16859716859716858,99.12097812097812,38.0,347.03088803088804,221.0,0.42556842556842556,0.5714285714285714,0.003003003003003003,0.01665912632495224,0.0171476099640131,0.0004884833777631493,0.000429000429000429,0.00429000429000429,0.007722007722007722,0.004551189446749142,False
brightness_mild,brightness,1,800,2331,0.17117117117117117,81.30630630630631,37.0,351.1793221793222,220.0,0.4345774345774346,0.5624195624195624,0.003003003003003003,0.017085216661370965,0.016484813764691353,-0.0006004017548006253,0.000429000429000429,0.001287001287001287,0.003003003003003003,0.0036033420568075576,False
brightness_mild,brightness,1,900,2331,0.1728871728871729,64.6057486057486,24.0,337.2020592020592,209.0,0.45345345345345345,0.5448305448305448,0.001716001716001716,0.017023764438815255,0.01753607578575611,0.0005123127125610011,0.000429000429000429,0.002574002574002574,0.005577005577005577,0.004090057551664193,False
brightness_mild,brightness,1,1000,2331,0.21921921921921922,60.28185328185328,26.0,333.68039468039467,194.0,0.45602745602745604,0.5413985413985414,0.002574002574002574,0.022273948185180966,0.024757683277130127,0.0024837342736957783,0.0,0.000429000429000429,0.003003003003003003,0.002847188491697349,False
brightness_mild,brightness,1,1100,2331,0.26855426855426856,54.479193479193476,22.0,324.3093093093093,195.0,0.4538824538824539,0.543972543972544,0.002145002145002145,0.02192923101564167,0.03439699113368988,0.012467762035829572,0.001287001287001287,0.002574002574002574,0.006864006864006864,0.0046502550258725,False
brightness_mild,brightness,1,1200,2331,0.15744315744315746,47.907335907335906,17.0,342.2042042042042,205.0,0.46675246675246673,0.5323895323895323,0.000858000858000858,0.015487217266433746,0.018923228606581688,0.003436011511949189,0.0,0.001287001287001287,0.002145002145002145,0.0026938407634115114,False
brightness_mild,brightness,1,1300,2331,0.17074217074217074,77.12355212355213,36.0,341.24882024882027,218.0,0.441012441012441,0.558987558987559,0.0,0.01604784127917729,0.01305525191128254,-0.002992589702707412,0.000429000429000429,0.001287001287001287,0.003003003003003003,0.002857366012701419,False
brightness_mild,brightness,1,1400,2331,0.14328614328614328,43.421707421707424,12.0,370.8082368082368,238.0,0.477048477048477,0.5203775203775204,0.002574002574002574,0.01314678675115922,0.011195177212357521,-0.0019516095955360638,0.0,0.002145002145002145,0.004719004719004719,0.002982022711312206,False
brightness_mild,brightness,1,1500,2331,0.16945516945516945,36.57271557271557,11.0,394.1093951093951,252.0,0.48090948090948094,0.5178035178035179,0.001287001287001287,0.016905961362449207,0.013658064417541027,-0.003247896702388748,0.0,0.000858000858000858,0.003861003861003861,0.0028859826984907926,False
brightness_mild,brightness,1,1600,2331,0.13213213213213212,22.665379665379664,-9.0,386.2029172029172,258.0,0.5160875160875161,0.4826254826254826,0.001287001287001287,0.015886598435665603,0.010858357883989811,-0.005028239974343692,0.001287001287001287,0.002145002145002145,0.003861003861003861,0.003961346998516853,False
brightness_mild,brightness,1,1700,2331,0.15143715143715145,21.013728013728013,-18.0,406.32646932646935,277.0,0.5242385242385242,0.4731874731874732,0.002574002574002574,0.014802112648002227,0.01164855808019638,-0.003153554615750382,0.0,0.001716001716001716,0.003432003432003432,0.003141123220168545,False
brightness_mild,brightness,1,1800,2331,0.1788931788931789,38.34277134277134,-26.0,366.0973830973831,231.0,0.5383955383955384,0.4603174603174603,0.001287001287001287,0.01774312410398143,0.012791503220796585,-0.004951621073364832,0.000858000858000858,0.001716001716001716,0.003003003003003003,0.0033606440975856074,False
brightness_strong,brightness,2,700,2331,0.019734019734019732,150.65465465465465,114.0,566.3697983697983,439.0,0.4157014157014157,0.5821535821535821,0.002145002145002145,0.01665912632495224,0.012972773984074593,-0.0036863526948681235,0.001287001287001287,0.00429000429000429,0.006006006006006006,0.0049738919989389405,False
brightness_strong,brightness,2,800,2331,0.029601029601029602,120.54096954096954,74.0,546.4714714714714,424.0,0.4444444444444444,0.5546975546975547,0.000858000858000858,0.017085216661370965,0.013886594213545322,-0.003198622813402715,0.000429000429000429,0.002145002145002145,0.003432003432003432,0.0035933338926811536,False
brightness_strong,brightness,2,900,2331,0.024882024882024883,103.34448734448735,85.0,551.013299013299,414.0,0.435006435006435,0.5645645645645646,0.000429000429000429,0.017023764438815255,0.017353223636746407,0.0003294593553490376,0.0,0.001287001287001287,0.002145002145002145,0.0026982152508113347,False
brightness_strong,brightness,2,1000,2331,0.03303303303303303,90.51994851994851,45.0,521.4774774774775,375.0,0.4646074646074646,0.5345345345345346,0.000858000858000858,0.022273948185180966,0.027712412178516388,0.005438463926213073,0.000858000858000858,0.002574002574002574,0.004719004719004719,0.00373264397595917,False
brightness_strong,brightness,2,1100,2331,0.07593307593307594,91.56499356499357,44.0,525.3213213213213,397.0,0.46074646074646075,0.5392535392535392,0.0,0.02192923101564167,0.031050119549036026,0.009120888586133342,0.0,0.001287001287001287,0.003432003432003432,0.00308838977014925,False
brightness_strong,brightness,2,1200,2331,0.02531102531102531,43.67782067782068,29.0,545.1913341913341,392.0,0.4779064779064779,0.5208065208065208,0.001287001287001287,0.015487217266433746,0.02102513611316681,0.005537917574604758,0.000429000429000429,0.001716001716001716,0.005577005577005577,0.003482931340091622,False
brightness_strong,brightness,2,1300,2331,0.006006006006006006,23.939081939081937,36.0,578.4839124839125,456.0,0.47361647361647363,0.525954525954526,0.000429000429000429,0.01604784127917729,0.011124609038233757,-0.004923232328042768,0.000858000858000858,0.002574002574002574,0.003003003003003003,0.003982626411718749,False
brightness_strong,brightness,2,1400,2331,0.009438009438009438,-18.86829686829687,-21.0,610.1527241527242,497.0,0.5143715143715144,0.4851994851994852,0.000429000429000429,0.01314678675115922,0.007813961245119572,-0.005332824781677645,0.000429000429000429,0.002574002574002574,0.00429000429000429,0.003741650741171392,False
brightness_strong,brightness,2,1500,2331,0.015873015873015872,16.735735735735737,1.0,618.6353496353496,486.0,0.4984984984984985,0.5010725010725011,0.000429000429000429,0.016905961362449207,0.009230177849531174,-0.007675783885287252,0.000429000429000429,0.003432003432003432,0.005577005577005577,0.0041255342337693165,False
brightness_strong,brightness,2,1600,2331,0.012012012012012012,-0.3946803946803947,-55.0,618.8451308451308,510.0,0.5362505362505362,0.4628914628914629,0.000858000858000858,0.015886598435665603,0.009157659485936165,-0.006728938504644345,0.000429000429000429,0.002145002145002145,0.004719004719004719,0.0036242733534986066,False
brightness_strong,brightness,2,1700,2331,0.011154011154011155,1.2574002574002574,-41.0,624.6713856713857,511.0,0.525096525096525,0.4744744744744745,0.000429000429000429,0.014802112648002227,0.00825533177703619,-0.0065467811030974895,0.0,0.001716001716001716,0.003432003432003432,0.0031805737015491178,False
brightness_strong,brightness,2,1800,2331,0.011583011583011582,12.507078507078507,-52.0,586.2368082368082,452.0,0.534963534963535,0.4641784641784642,0.000858000858000858,0.01774312410398143,0.008777575567364693,-0.008965547714367979,0.000858000858000858,0.001716001716001716,0.003003003003003003,0.0035458306650586057,False
contrast_mild,contrast,1,700,2331,0.33676533676533676,21.117975117975117,7.0,188.11840411840413,102.0,0.4676104676104676,0.5268125268125268,0.005577005577005577,0.01665912632495224,0.01617818884551525,-0.0004809390751908981,0.0,0.004719004719004719,0.00858000858000858,0.005294492412225229,False
contrast_mild,contrast,1,800,2331,0.35735735735735735,-1.2166452166452166,-2.0,195.84727584727585,112.0,0.5066495066495067,0.4873444873444873,0.006006006006006006,0.017085216661370965,0.017135636880993843,5.0418823637860636e-05,0.000429000429000429,0.001716001716001716,0.004719004719004719,0.004411734937762157,False
contrast_mild,contrast,1,900,2331,0.3539253539253539,1.7383097383097383,2.0,190.9129129129129,111.0,0.49206349206349204,0.504933504933505,0.003003003003003003,0.017023764438815255,0.014718856662511826,-0.002304908800718309,0.000429000429000429,0.002145002145002145,0.004719004719004719,0.004173113424757877,False
contrast_mild,contrast,1,1000,2331,0.43071643071643073,16.75203775203775,4.0,188.72029172029173,113.0,0.4774774774774775,0.5169455169455169,0.005577005577005577,0.022273948185180966,0.021822500973939896,-0.00045144716489468835,0.000429000429000429,0.001716001716001716,0.003861003861003861,0.0035914684079585116,False
contrast_mild,contrast,1,1100,2331,0.4161304161304161,10.888459888459888,2.0,188.33504933504935,109.0,0.4847704847704848,0.5105105105105106,0.004719004719004719,0.02192923101564167,0.02146679162979126,-0.0004624389895089287,0.000429000429000429,0.002145002145002145,0.004719004719004719,0.004222022149666425,False
contrast_mild,contrast,1,1200,2331,0.3509223509223509,-1.2436722436722436,5.0,192.57786357786358,115.0,0.4804804804804805,0.5143715143715144,0.005148005148005148,0.015487217266433746,0.014665939845144749,-0.0008212772307094746,0.0,0.001287001287001287,0.001716001716001716,0.002673228550787527,False
contrast_mild,contrast,1,1300,2331,0.3762333762333762,12.196911196911197,9.0,203.71214071214072,127.0,0.47275847275847277,0.5246675246675246,0.002574002574002574,0.01604784127917729,0.015297199599444866,-0.0007506413445202214,0.000429000429000429,0.002145002145002145,0.003432003432003432,0.0035639302621720045,False
contrast_mild,contrast,1,1400,2331,0.36164736164736166,-24.725010725010726,-7.0,200.21450021450022,125.0,0.5276705276705277,0.46374946374946374,0.00858000858000858,0.01314678675115922,0.013914446346461773,0.0007676590099797002,0.000858000858000858,0.003432003432003432,0.006864006864006864,0.004351154583164775,False
contrast_mild,contrast,1,1500,2331,0.3715143715143715,14.438009438009438,3.0,206.48434148434148,136.0,0.4882024882024882,0.504075504075504,0.007722007722007722,0.016905961362449207,0.018963253125548363,0.002057291503399593,0.001287001287001287,0.003003003003003003,0.004719004719004719,0.0042666475474685385,False
contrast_mild,contrast,1,1600,2331,0.3123123123123123,-12.246675246675247,-16.0,208.5203775203775,132.0,0.5504075504075504,0.4465894465894466,0.003003003003003003,0.015886598435665603,0.016212956979870796,0.00032635881349366155,0.000429000429000429,0.000858000858000858,0.003003003003003003,0.003308771402826551,False
contrast_mild,contrast,1,1700,2331,0.3457743457743458,-4.127842127842128,-6.0,222.52080652080653,145.0,0.5143715143715144,0.4821964821964822,0.003432003432003432,0.014802112648002227,0.014813316985964775,1.1204026323075269e-05,0.000858000858000858,0.002574002574002574,0.006006006006006006,0.003912348500946404,False
contrast_mild,contrast,1,1800,2331,0.3981123981123981,12.477477477477477,-2.0,188.3187473187473,113.0,0.5045045045045045,0.4924924924924925,0.003003003003003003,0.01774312410398143,0.0182769987732172,0.0005338738765528062,0.000429000429000429,0.001716001716001716,0.002145002145002145,0.003316142917413575,False
contrast_strong,contrast,2,700,2331,0.11883311883311884,71.06263406263406,27.0,317.53968253968253,208.0,0.4453024453024453,0.5529815529815529,0.001716001716001716,0.01665912632495224,0.015372144989669323,-0.0012869816553126817,0.000429000429000429,0.002574002574002574,0.007293007293007293,0.0045934340260869195,False
contrast_strong,contrast,2,800,2331,0.14972114972114972,52.26812526812527,19.0,331.8202488202488,226.0,0.46374946374946374,0.5332475332475333,0.003003003003003003,0.017085216661370965,0.015624656341969967,-0.001460561248326346,0.000429000429000429,0.00429000429000429,0.006864006864006864,0.004647495744877263,False
contrast_strong,contrast,2,900,2331,0.15358215358215357,54.003432003432,24.0,320.8494208494208,208.0,0.45345345345345345,0.5426855426855427,0.003861003861003861,0.017023764438815255,0.016821622848510742,-0.00020214121314084566,0.000858000858000858,0.001716001716001716,0.003432003432003432,0.003998573754113007,False
contrast_strong,contrast,2,1000,2331,0.2471042471042471,51.8043758043758,22.0,308.74560274560275,201.0,0.4641784641784642,0.5332475332475333,0.002574002574002574,0.022273948185180966,0.02218472771346569,-8.921969581289961e-05,0.0,0.000429000429000429,0.002145002145002145,0.0028579537232010827,False
contrast_strong,contrast,2,1100,2331,0.2483912483912484,43.22737022737023,14.0,315.56628056628057,212.0,0.47404547404547404,0.5233805233805234,0.002574002574002574,0.02192923101564167,0.028409456834197044,0.0064802225830983985,0.0,0.001287001287001287,0.003861003861003861,0.0034258561152416445,False
contrast_strong,contrast,2,1200,2331,0.1317031317031317,25.286143286143286,26.0,323.2518232518232,213.0,0.45774345774345776,0.5392535392535392,0.003003003003003003,0.015487217266433746,0.015777897089719772,0.00029067883083417023,0.000429000429000429,0.002145002145002145,0.002145002145002145,0.003355973066200701,False
contrast_strong,contrast,2,1300,2331,0.11154011154011154,35.71214071214071,30.0,359.54568854568856,250.0,0.4517374517374517,0.5456885456885456,0.002574002574002574,0.01604784127917729,0.013954982161521912,-0.002092857513111636,0.000429000429000429,0.001716001716001716,0.004719004719004719,0.003487847746201327,False
contrast_strong,contrast,2,1400,2331,0.10682110682110682,-5.689403689403689,-8.0,362.9026169026169,250.0,0.5165165165165165,0.48176748176748174,0.001716001716001716,0.01314678675115922,0.011982902884483337,-0.0011638840840244363,0.0,0.001287001287001287,0.002145002145002145,0.002871119659103189,False
contrast_strong,contrast,2,1500,2331,0.11368511368511368,48.842556842556846,6.0,398.996138996139,280.0,0.48863148863148864,0.5105105105105106,0.000858000858000858,0.016905961362449207,0.014500697143375874,-0.002405265136012551,0.0,0.002574002574002574,0.006864006864006864,0.003702689063009514,False
contrast_strong,contrast,2,1600,2331,0.07936507936507936,1.2513942513942513,-38.0,392.93221793221795,294.0,0.5452595452595452,0.4543114543114543,0.000429000429000429,0.015886598435665603,0.010859872214496136,-0.005026726103305819,0.000429000429000429,0.001716001716001716,0.004719004719004719,0.0035097695496325676,False
contrast_strong,contrast,2,1700,2331,0.11497211497211497,13.113256113256114,-23.0,414.99141999142,302.0,0.5298155298155298,0.46846846846846846,0.001716001716001716,0.014802112648002227,0.012393167242407799,-0.0024089454000009,0.001287001287001287,0.001716001716001716,0.003003003003003003,0.0036681825074078925,False
contrast_strong,contrast,2,1800,2331,0.11325611325611326,18.94766194766195,-37.0,342.55812955812956,226.0,0.5516945516945517,0.44744744744744747,0.000858000858000858,0.01774312410398143,0.01352289505302906,-0.004220229654254426,0.000858000858000858,0.002574002574002574,0.004719004719004719,0.003665366831925969,False
jpeg_mild,jpeg,1,700,2331,0.44272844272844275,4.328614328614329,-2.0,136.2196482196482,83.0,0.5122265122265123,0.48090948090948094,0.006864006864006864,0.01665912632495224,0.014914984814822674,-0.0017441417118961467,0.000429000429000429,0.00429000429000429,0.007293007293007293,0.005975331662517765,False
jpeg_mild,jpeg,1,800,2331,0.4744744744744745,3.507078507078507,-3.0,138.5023595023595,81.0,0.5143715143715144,0.47833547833547835,0.007293007293007293,0.017085216661370965,0.016482466831803322,-0.000602748556640263,0.000429000429000429,0.002145002145002145,0.005577005577005577,0.0044424560672740665,False
jpeg_mild,jpeg,1,900,2331,0.462033462033462,-2.5113685113685116,-4.0,130.95924495924496,78.0,0.5203775203775204,0.4731874731874732,0.006435006435006435,0.017023764438815255,0.014633571729063988,-0.002390191457599853,0.000858000858000858,0.003432003432003432,0.006864006864006864,0.004997009598718033,False
jpeg_mild,jpeg,1,1000,2331,0.5345345345345346,4.560274560274561,-1.0,132.17331617331618,79.0,0.5015015015015015,0.49034749034749037,0.008151008151008152,0.022273948185180966,0.020906880497932434,-0.0013670668753877557,0.0,0.000429000429000429,0.002574002574002574,0.0029953611550374414,False
jpeg_mild,jpeg,1,1100,2331,0.5173745173745173,-8.057486057486058,-5.0,135.23466323466323,85.0,0.5173745173745173,0.4731874731874732,0.009438009438009438,0.02192923101564167,0.020868606865406036,-0.0010606247223737407,0.0,0.000429000429000429,0.002574002574002574,0.0033470895805500895,False
jpeg_mild,jpeg,1,1200,2331,0.4671814671814672,-6.227799227799228,-2.0,130.03303303303304,77.0,0.5070785070785071,0.4839124839124839,0.009009009009009009,0.015487217266433746,0.01526295393705368,-0.00022426421155949307,0.0,0.0,0.002574002574002574,0.002630729714064719,False
jpeg_mild,jpeg,1,1300,2331,0.48348348348348347,0.6533676533676533,0.0,139.01716001716002,88.0,0.4976404976404976,0.4942084942084942,0.008151008151008152,0.01604784127917729,0.01477364357560873,-0.001274199466728799,0.000429000429000429,0.002145002145002145,0.006006006006006006,0.003910849319009182,False
jpeg_mild,jpeg,1,1400,2331,0.4603174603174603,-12.13985413985414,-5.0,134.8133848133848,88.0,0.5242385242385242,0.4693264693264693,0.006435006435006435,0.01314678675115922,0.01321504171937704,6.82553433838009e-05,0.000858000858000858,0.002574002574002574,0.003861003861003861,0.0037293204399187594,False
jpeg_mild,jpeg,1,1500,2331,0.4821964821964822,-0.7185757185757186,-2.0,134.8000858000858,88.0,0.5066495066495067,0.48562848562848565,0.007722007722007722,0.016905961362449207,0.016378726810216904,-0.0005272370613295901,0.000858000858000858,0.002145002145002145,0.002574002574002574,0.003942367434235234,False
jpeg_mild,jpeg,1,1600,2331,0.45817245817245816,-4.201630201630202,-8.0,139.73830973830974,93.0,0.5332475332475333,0.46074646074646075,0.006006006006006006,0.015886598435665603,0.016829844564199448,0.0009432459575316748,0.000429000429000429,0.001287001287001287,0.003003003003003003,0.0033195690551344153,False
jpeg_mild,jpeg,1,1700,2331,0.45602745602745604,-2.4916344916344917,0.0,138.6992706992707,88.0,0.4972114972114972,0.49635349635349635,0.006435006435006435,0.014802112648002227,0.014246000908315182,-0.0005561112598421679,0.001716001716001716,0.003432003432003432,0.004719004719004719,0.004785888871427893,False
jpeg_mild,jpeg,1,1800,2331,0.47147147147147145,0.018876018876018877,-1.0,136.98498498498498,83.0,0.5027885027885027,0.49206349206349204,0.005148005148005148,0.01774312410398143,0.017100883647799492,-0.0006422395076792403,0.000429000429000429,0.002145002145002145,0.005148005148005148,0.003613964935763618,False
jpeg_strong,jpeg,2,700,2331,0.16344916344916344,-23.638781638781637,-15.0,239.26469326469328,159.0,0.5388245388245388,0.4568854568854569,0.00429000429000429,0.01665912632495224,0.013432415202260017,-0.00322671088856308,0.000429000429000429,0.004719004719004719,0.010725010725010725,0.006493242284804999,False
jpeg_strong,jpeg,2,800,2331,0.20806520806520806,-34.62848562848563,-23.0,245.37580437580436,159.0,0.5486915486915487,0.4448734448734449,0.006435006435006435,0.017085216661370965,0.01513136737048626,-0.001953849314057897,0.001287001287001287,0.004719004719004719,0.006864006864006864,0.006026811245253144,False
jpeg_strong,jpeg,2,900,2331,0.21063921063921065,-31.993993993993993,-19.0,235.4036894036894,151.0,0.5474045474045474,0.45002145002145,0.002574002574002574,0.017023764438815255,0.013056240975856781,-0.00396752397756314,0.001287001287001287,0.003003003003003003,0.006006006006006006,0.005409155231173991,False
jpeg_strong,jpeg,2,1000,2331,0.3075933075933076,-14.136422136422137,-9.0,228.58601458601458,146.0,0.5229515229515229,0.47361647361647363,0.003432003432003432,0.022273948185180966,0.020067797973752022,-0.002206150085974081,0.0,0.000858000858000858,0.003432003432003432,0.003438418914110183,False
jpeg_strong,jpeg,2,1100,2331,0.30158730158730157,-30.504075504075505,-12.0,241.47876447876448,159.0,0.5225225225225225,0.47361647361647363,0.003861003861003861,0.02192923101564167,0.0197321604937315,-0.002197070998958286,0.0,0.000858000858000858,0.002574002574002574,0.003413271799047417,False
jpeg_strong,jpeg,2,1200,2331,0.21278421278421278,-34.1008151008151,-21.0,246.55383955383957,166.0,0.5448305448305448,0.45002145002145,0.005148005148005148,0.015487217266433746,0.014255150221288204,-0.0012320675457663855,0.0,0.002145002145002145,0.003432003432003432,0.0035266122797110583,False
jpeg_strong,jpeg,2,1300,2331,0.18961818961818963,-27.742599742599744,-20.0,256.2608322608323,168.0,0.5444015444015444,0.4517374517374517,0.003861003861003861,0.01604784127917729,0.012836093083024025,-0.003211747735086661,0.000858000858000858,0.00429000429000429,0.006435006435006435,0.004604472210794006,False
jpeg_strong,jpeg,2,1400,2331,0.2247962247962248,-39.36121836121836,-28.0,260.983697983698,176.0,0.558987558987559,0.43715143715143717,0.003861003861003861,0.01314678675115922,0.012587002478539944,-0.0005597837855827168,0.0,0.002574002574002574,0.003003003003003003,0.003113711638659942,False
jpeg_strong,jpeg,2,1500,2331,0.2488202488202488,-10.293436293436294,-1.0,262.06778206778205,179.0,0.5010725010725011,0.4972114972114972,0.001716001716001716,0.016905961362449207,0.016460144892334938,-0.000445815312253774,0.0,0.002145002145002145,0.005148005148005148,0.0036561337304540768,False
jpeg_strong,jpeg,2,1600,2331,0.22565422565422566,-32.55298155298156,-28.0,267.5611325611326,193.0,0.5512655512655512,0.4465894465894466,0.002145002145002145,0.015886598435665603,0.017006322741508484,0.0011197241268499553,0.0,0.001716001716001716,0.003003003003003003,0.0029411281770302796,False
jpeg_strong,jpeg,2,1700,2331,0.21021021021021022,-28.144573144573144,-20.0,260.46889746889747,178.0,0.5426855426855427,0.45602745602745604,0.001287001287001287,0.014802112648002227,0.013284062035381794,-0.001518051190751608,0.000429000429000429,0.002574002574002574,0.004719004719004719,0.0036473122123097264,False
jpeg_strong,jpeg,2,1800,2331,0.23766623766623768,-0.2754182754182754,-4.0,262.36808236808236,167.0,0.5079365079365079,0.49120549120549123,0.000858000858000858,0.01774312410398143,0.0161867868155241,-0.0015563368577555991,0.000858000858000858,0.002145002145002145,0.004719004719004719,0.0038312506840145442,False
noise_mild,gaussian_noise,1,700,2331,0.44015444015444016,43.909909909909906,25.0,143.7940797940798,88.0,0.38824538824538823,0.6074646074646075,0.00429000429000429,0.01665912632495224,0.016302991658449173,-0.00035613417906697005,0.000429000429000429,0.004719004719004719,0.007293007293007293,0.005353580307015417,False
noise_mild,gaussian_noise,1,800,2331,0.46332046332046334,45.95238095238095,22.0,157.74903474903476,96.0,0.40326040326040324,0.5898755898755899,0.006864006864006864,0.017085216661370965,0.017776241526007652,0.0006910258738691298,0.000429000429000429,0.001716001716001716,0.003003003003003003,0.003955335343559104,False
noise_mild,gaussian_noise,1,900,2331,0.45602745602745604,39.941226941226944,19.0,148.64049764049764,91.0,0.41827541827541825,0.5761475761475762,0.005577005577005577,0.017023764438815255,0.01643374189734459,-0.0005900223257202632,0.001287001287001287,0.003861003861003861,0.004719004719004719,0.005118063924494267,False
noise_mild,gaussian_noise,1,1000,2331,0.5045045045045045,27.0,14.0,137.92921492921494,81.0,0.4367224367224367,0.5568425568425568,0.006435006435006435,0.022273948185180966,0.023025255650281906,0.0007513077319921789,0.0,0.000858000858000858,0.003861003861003861,0.0032062036105168657,False
noise_mild,gaussian_noise,1,1100,2331,0.5070785070785071,23.29000429000429,9.0,137.7087087087087,84.0,0.4525954525954526,0.540969540969541,0.006435006435006435,0.02192923101564167,0.025663815438747406,0.0037345843304129695,0.000429000429000429,0.002574002574002574,0.003432003432003432,0.004006855548596659,False
noise_mild,gaussian_noise,1,1200,2331,0.43114543114543114,26.132561132561133,12.0,134.4088374088374,80.0,0.4453024453024453,0.5478335478335479,0.006864006864006864,0.015487217266433746,0.0156356580555439,0.00014844070760444532,0.0,0.001287001287001287,0.001716001716001716,0.00282923467705407,False
noise_mild,gaussian_noise,1,1300,2331,0.45817245817245816,19.507078507078507,8.0,134.5203775203775,81.0,0.4555984555984556,0.5371085371085371,0.007293007293007293,0.01604784127917729,0.016292765736579895,0.0002449233770524384,0.001287001287001287,0.003003003003003003,0.005577005577005577,0.004548506604033295,False
noise_mild,gaussian_noise,1,1400,2331,0.44573144573144574,18.6996996996997,9.0,140.44573144573144,86.0,0.44787644787644787,0.5448305448305448,0.007293007293007293,0.01314678675115922,0.013175122439861298,2.8336014724910203e-05,0.002145002145002145,0.003432003432003432,0.00429000429000429,0.004888502781593396,False
noise_mild,gaussian_noise,1,1500,2331,0.4573144573144573,10.35006435006435,1.0,140.7945087945088,87.0,0.4899184899184899,0.5036465036465037,0.006435006435006435,0.016905961362449207,0.017235102131962776,0.0003291406168901327,0.001287001287001287,0.003003003003003003,0.004719004719004719,0.0045330349774405304,False
noise_mild,gaussian_noise,1,1600,2331,0.425997425997426,9.441441441441441,-2.0,150.03346203346203,90.0,0.5083655083655083,0.48605748605748605,0.005577005577005577,0.015886598435665603,0.01621750369668007,0.0003309053361275713,0.000429000429000429,0.002145002145002145,0.003861003861003861,0.0035479784123640594,False
noise_mild,gaussian_noise,1,1700,2331,0.42213642213642216,13.166881166881167,3.0,147.987987987988,93.0,0.48348348348348347,0.5126555126555127,0.003861003861003861,0.014802112648002227,0.0144177982583642,-0.0003843136413037582,0.0,0.002145002145002145,0.005577005577005577,0.003414610093534155,False
noise_mild,gaussian_noise,1,1800,2331,0.46675246675246673,9.18918918918919,-1.0,138.22737022737022,82.0,0.5032175032175032,0.4894894894894895,0.007293007293007293,0.01774312410398143,0.0180691909044981,0.00032606715131084323,0.000429000429000429,0.002145002145002145,0.004719004719004719,0.003645388045181831,False
noise_strong,gaussian_noise,2,700,2331,0.15315315315315314,125.94937794937795,67.0,319.9013299013299,211.0,0.38223938223938225,0.6151866151866152,0.002574002574002574,0.01665912632495224,0.014646600931882858,-0.0020125263407730046,0.0,0.002145002145002145,0.009009009009009009,0.004009143701811757,False
noise_strong,gaussian_noise,2,800,2331,0.18275418275418276,104.13985413985414,53.0,333.6996996996997,220.0,0.4062634062634063,0.5894465894465895,0.00429000429000429,0.017085216661370965,0.018637437373399734,0.00155222023418158,0.000858000858000858,0.001287001287001287,0.005148005148005148,0.004148065298096591,False
noise_strong,gaussian_noise,2,900,2331,0.16173316173316174,83.51308451308451,35.0,304.4826254826255,202.0,0.43329043329043326,0.5645645645645646,0.002145002145002145,0.017023764438815255,0.01603030599653721,-0.0009934590615616127,0.001287001287001287,0.003432003432003432,0.006006006006006006,0.00493368887593561,False
noise_strong,gaussian_noise,2,1000,2331,0.25697125697125694,74.88588588588588,31.0,293.52252252252254,189.0,0.4341484341484341,0.5632775632775633,0.002574002574002574,0.022273948185180966,0.025679148733615875,0.003405200123326706,0.000429000429000429,0.000858000858000858,0.003003003003003003,0.003289947978552316,False
noise_strong,gaussian_noise,2,1100,2331,0.2578292578292578,55.48005148005148,25.0,294.2814242814243,207.0,0.45302445302445304,0.543972543972544,0.003003003003003003,0.02192923101564167,0.03123479336500168,0.009305563464869502,0.001287001287001287,0.003432003432003432,0.005577005577005577,0.00475216215510405,False
noise_strong,gaussian_noise,2,1200,2331,0.15100815100815101,54.03432003432003,26.0,290.81510081510083,190.0,0.44873444873444873,0.5491205491205491,0.002145002145002145,0.015487217266433746,0.01647903211414814,0.0009918146855020533,0.000429000429000429,0.001716001716001716,0.003861003861003861,0.0030607684144968172,False
noise_strong,gaussian_noise,2,1300,2331,0.1866151866151866,55.51866151866152,28.0,295.9176319176319,206.0,0.44616044616044614,0.5508365508365508,0.003003003003003003,0.01604784127917729,0.014803833328187466,-0.0012440063068918413,0.000858000858000858,0.003003003003003003,0.005577005577005577,0.003975887068836398,False
noise_strong,gaussian_noise,2,1400,2331,0.16001716001716002,38.04761904761905,16.0,303.16130416130414,202.0,0.45817245817245816,0.5371085371085371,0.004719004719004719,0.01314678675115922,0.012033442966639996,-0.0011133435771591136,0.000429000429000429,0.003003003003003003,0.00429000429000429,0.003252202159825924,False
noise_strong,gaussian_noise,2,1500,2331,0.19905619905619906,33.96911196911197,9.0,323.5941655941656,215.0,0.48176748176748174,0.5143715143715144,0.003861003861003861,0.016905961362449207,0.01822914555668831,0.0013231840296295317,0.000429000429000429,0.002574002574002574,0.006006006006006006,0.00425787151047981,False
noise_strong,gaussian_noise,2,1600,2331,0.13084513084513086,14.006864006864006,-9.0,316.1947661947662,211.0,0.5105105105105106,0.4877734877734878,0.001716001716001716,0.015886598435665603,0.014592822641134262,-0.0012937773942806265,0.0,0.002574002574002574,0.003861003861003861,0.0032353651698233407,False
noise_strong,gaussian_noise,2,1700,2331,0.12312312312312312,21.07979407979408,-7.0,335.1175461175461,233.0,0.5130845130845131,0.48562848562848565,0.001287001287001287,0.014802112648002227,0.013239781372249126,-0.0015623314072010328,0.001287001287001287,0.002574002574002574,0.006006006006006006,0.004400699952929308,False
noise_strong,gaussian_noise,2,1800,2331,0.17546117546117546,17.215358215358215,-8.0,303.16387816387817,199.0,0.5156585156585156,0.48133848133848134,0.003003003003003003,0.01774312410398143,0.017487093806266785,-0.0002560298278582129,0.000429000429000429,0.001716001716001716,0.003003003003003003,0.0034963976257123804,False
